"Season_KEEPER","Squad_KEEPER","Comp_KEEPER","Player_KEEPER","Nation_KEEPER","Pos_KEEPER","Age_KEEPER","MP_Playing_Time_KEEPER","Starts_Playing_Time_KEEPER","Min_Playing_Time_KEEPER","Mins_Per_90_Playing_Time_KEEPER","GA_KEEPER","GA90_KEEPER","SoTA_KEEPER","Saves_KEEPER","Save_percent_KEEPER","W_KEEPER","D_KEEPER","L_KEEPER","CS_KEEPER","CS_percent_KEEPER","PKatt_Kicks_KEEPER","PKA_Kicks_KEEPER","PKsv_Kicks_KEEPER","PKm_Kicks_KEEPER","Save_percent_Kicks_KEEPER","UrlFBref","Mins_Per_90_KEEPER_ADV","GA_Goals_KEEPER_ADV","PKA_Goals_KEEPER_ADV","FK_Goals_KEEPER_ADV","CK_Goals_KEEPER_ADV","OG_Goals_KEEPER_ADV","PSxG_Expected_KEEPER_ADV","PSxG_per_SoT_Expected_KEEPER_ADV","PSxGPlus_Minus_Expected_KEEPER_ADV","_per_90_Expected_KEEPER_ADV","Cmp_Launched_KEEPER_ADV","Att_Launched_KEEPER_ADV","Cmp_percent_Launched_KEEPER_ADV","Att (GK)_Passes_KEEPER_ADV","Thr_Passes_KEEPER_ADV","Launch_percent_Passes_KEEPER_ADV","AvgLen_Passes_KEEPER_ADV","Att_Goal_Kicks_KEEPER_ADV","Launch_percent_Goal_Kicks_KEEPER_ADV","AvgLen_Goal_Kicks_KEEPER_ADV","Opp_Crosses_KEEPER_ADV","Stp_Crosses_KEEPER_ADV","Stp_percent_Crosses_KEEPER_ADV","Player_NumOPA_Sweeper_KEEPER_ADV","Player_NumOPA_per_90_Sweeper_KEEPER_ADV","AvgDist_Sweeper_KEEPER_ADV","WeeklyWageEUR_WAGES","UrlTmarkt","comp_name_TM","player_position_TM","player_nationality_TM","player_height_mtrs_TM","player_foot_TM","contract_expiry_TM","player_market_value_euro_TM"
"2023-2024","Liverpool","Premier League","Alisson","BRA","GK","31-144",21,21,1890,21,19,0.9,73,55,75.3,13,6,2,7,33.3,1,1,0,0,0,"https://fbref.com/en/players/7a2e46a8/Alisson",21,19,1,0,2,1,18.9,0.25,0.9,0.04,54,159,34,791,100,15.3,25.2,103,36.9,34.6,234,12,5.1,26,1.24,17.1,175729,"https://www.transfermarkt.com/alisson/profil/spieler/105470","Premier League","Goalkeeper","Brazil","1.93","right","2027-06-30",3.2e+07
"2023-2024","Manchester City","Premier League","Ederson","BRA","GK","30-191",24,24,2077,23.1,23,1,65,43,67.7,16,5,3,7,29.2,2,2,0,0,0,"https://fbref.com/en/players/3bb7b8b4/Ederson",23.1,23,2,0,2,1,21.9,0.31,-0.1,0,89,188,47.3,846,100,18.6,27.6,84,36.9,36.8,189,18,9.5,30,1.3,17.4,117152,"https://www.transfermarkt.com/ederson/profil/spieler/238223","Premier League","Goalkeeper","Brazil","1.88","left","2026-06-30",4e+07
"2023-2024","Arsenal","Premier League","David Raya","ESP","GK","28-161",20,20,1800,20,18,0.9,49,31,65.3,13,3,4,8,40,2,1,1,0,50,"https://fbref.com/en/players/98ea5115/David-Raya",20,18,1,0,4,1,14.8,0.27,-2.2,-0.11,72,212,34,599,110,30.1,30,61,52.5,43.6,188,28,14.9,33,1.65,18,99580,"https://www.transfermarkt.com/david-raya/profil/spieler/262749","Premier League","Goalkeeper","Spain","1.83","right","2024-06-30",3.5e+07
"2023-2024","Aston Villa","Premier League","Emiliano Martínez","ARG","GK","31-174",24,24,2160,24,32,1.33,100,71,68,14,4,6,6,25,0,0,0,0,NA,"https://fbref.com/en/players/7956236f/Emiliano-Martinez",24,32,0,0,8,3,34,0.35,5,0.21,82,215,38.1,855,116,20.5,27.5,109,36.7,34.6,264,27,10.2,54,2.25,18.9,140583,"https://www.transfermarkt.com/emiliano-martinez/profil/spieler/111873","Premier League","Goalkeeper","Argentina","1.95","right","2027-06-30",2.8e+07
"2023-2024","Tottenham Hotspur","Premier League","Guglielmo Vicario","ITA","GK","27-139",25,25,2250,25,38,1.52,112,76,71.4,14,5,6,5,20,6,6,0,0,0,"https://fbref.com/en/players/77d6fd4d/Guglielmo-Vicario",25,38,6,0,4,2,42.3,0.33,6.3,0.25,40,184,21.7,902,144,17.3,25.4,156,17.9,23.6,367,23,6.3,53,2.12,17,87864,"https://www.transfermarkt.com/guglielmo-vicario/profil/spieler/286047","Premier League","Goalkeeper","Italy","1.94","right","2028-06-30",3e+07
"2023-2024","Manchester United","Premier League","André Onana","CMR","GK","27-327",25,25,2250,25,34,1.36,122,89,74.6,14,2,9,7,28,3,3,0,0,0,"https://fbref.com/en/players/e9c0c1b2/Andre-Onana",25,34,3,1,6,1,36.2,0.28,3.2,0.13,95,319,29.8,868,90,29.5,30.5,114,55.3,43.1,386,18,4.7,28,1.12,15.1,140583,"https://www.transfermarkt.com/andre-onana/profil/spieler/234509","Premier League","Goalkeeper","Cameroon","1.9","right","2028-06-30",4e+07
"2023-2024","Brighton & Hove Albion","Premier League","Jason Steele","ENG","GK","33-189",14,14,1260,14,25,1.79,59,36,62.7,5,4,5,2,14.3,3,3,0,0,0,"https://fbref.com/en/players/28300a16/Jason-Steele",14,25,3,0,5,2,20.6,0.31,-2.4,-0.17,42,123,34.1,519,53,22.2,27.5,46,17.4,19.7,149,6,4,31,2.21,20.4,23430,"https://www.transfermarkt.com/jason-steele/profil/spieler/73564","Premier League","Goalkeeper","England","1.88","right","2026-06-30",3500000
"2023-2024","Newcastle United","Premier League","Nick Pope","ENG","GK","31-310",14,14,1255,13.9,14,1,53,39,73.6,8,2,4,5,35.7,0,0,0,0,NA,"https://fbref.com/en/players/4b40d9ca/Nick-Pope",13.9,14,0,1,2,0,15.1,0.3,1.1,0.08,35,100,35,282,85,18.8,27.8,85,55.3,42.3,128,6,4.7,28,2.01,19.8,70291,"https://www.transfermarkt.com/nick-pope/profil/spieler/192080","Premier League","Goalkeeper","England","1.98","right","2026-06-30",2e+07
"2023-2024","Newcastle United","Premier League","Martin Dúbravka","SVK","GK","35-039",12,11,995,11.1,27,2.44,79,51,69.6,3,2,6,2,18.2,4,3,1,0,25,"https://fbref.com/en/players/3a949a25/Martin-Dubravka",11.1,27,3,0,1,0,29.8,0.33,2.8,0.25,30,89,33.7,251,75,18.7,26.9,88,47.7,36.9,166,11,6.6,10,0.9,11.5,46861,"https://www.transfermarkt.com/martin-dubravka/profil/spieler/74960","Premier League","Goalkeeper","Slovakia","1.91","right","2025-06-30",1e+06
"2023-2024","West Ham United","Premier League","Alphonse Areola","FRA","GK","30-361",22,22,1934,21.5,35,1.63,123,88,74.8,8,6,8,4,18.2,5,4,1,0,20,"https://fbref.com/en/players/2f965a72/Alphonse-Areola",21.5,35,4,0,2,1,35.5,0.25,1.5,0.07,115,309,37.2,453,100,44.2,36.5,171,63.7,45.6,330,18,5.5,3,0.14,9,140583,"https://www.transfermarkt.com/alphonse-areola/profil/spieler/120629","Premier League","Goalkeeper","France","1.95","right","2027-06-30",1e+07
"2023-2024","Chelsea","Premier League","Robert Sánchez","ESP","GK","26-098",16,16,1433,15.9,25,1.57,78,52,70.5,5,4,7,3,18.8,3,2,1,0,33.3,"https://fbref.com/en/players/6a713852/Robert-Sanchez",15.9,25,2,0,3,0,24.2,0.28,-0.8,-0.05,61,147,41.5,516,87,21.3,28.1,91,40.7,33.7,202,19,9.4,27,1.7,15.8,70291,"https://www.transfermarkt.com/robert-sanchez/profil/spieler/403151","Premier League","Goalkeeper","Spain","1.97","right","2030-06-30",3e+07
"2023-2024","Wolverhampton Wanderers","Premier League","José Sá","POR","GK","31-038",23,23,2002,22.2,37,1.66,104,68,69.2,9,5,9,3,13,5,5,0,0,0,"https://fbref.com/en/players/903b6e8b/Jose-Sa",22.2,37,5,1,3,1,40.2,0.34,4.2,0.19,57,282,20.2,533,125,35.5,34.6,162,57.4,43.6,351,38,10.8,17,0.76,12.1,46861,"https://www.transfermarkt.com/jose-sa/profil/spieler/249994","Premier League","Goalkeeper","Portugal","1.92","right","2027-06-30",1.6e+07
"2023-2024","Fulham","Premier League","Bernd Leno","GER","GK","31-357",25,25,2250,25,41,1.64,124,86,71.8,8,5,12,6,24,6,6,0,0,0,"https://fbref.com/en/players/2628fd2b/Bernd-Leno",25,41,6,0,2,3,38.1,0.26,0.1,0,101,296,34.1,907,104,23.9,28.6,120,65.8,49.2,300,10,3.3,29,1.16,15.1,152298,"https://www.transfermarkt.com/bernd-leno/profil/spieler/72476","Premier League","Goalkeeper","Germany","1.9","right","2027-06-30",1.3e+07
"2023-2024","Bournemouth","Premier League","Neto","BRA","GK","34-220",22,22,1980,22,39,1.77,114,75,69.3,6,7,9,5,22.7,5,4,1,0,20,"https://fbref.com/en/players/a9dc785c/Neto",22,39,4,1,2,1,38.7,0.3,0.7,0.03,114,336,33.9,574,105,42.7,35.9,162,56.2,44.1,286,19,6.6,22,1,13.5,58576,"https://www.transfermarkt.com/neto/profil/spieler/111819","Premier League","Goalkeeper","Brazil","1.9","right","2026-06-30",2500000
"2023-2024","Brentford","Premier League","Mark Flekken","NED","GK","30-255",24,24,2115,23.5,42,1.79,120,78,65.8,7,4,13,4,16.7,1,1,0,0,0,"https://fbref.com/en/players/a92ab7be/Mark-Flekken",23.5,42,1,0,4,0,36.9,0.3,-5.1,-0.22,141,397,35.5,849,86,35.2,33.8,183,53.6,42.2,370,22,5.9,21,0.89,13.1,35146,"https://www.transfermarkt.com/mark-flekken/profil/spieler/125714","Premier League","Goalkeeper","Netherlands","1.95","both","2027-06-30",1.2e+07
"2023-2024","Crystal Palace","Premier League","Sam Johnstone","ENG","GK","30-336",17,17,1526,17,23,1.36,59,37,64.4,4,5,8,5,29.4,2,2,0,0,0,"https://fbref.com/en/players/9e5708be/Sam-Johnstone",17,23,2,0,4,1,17,0.26,-5,-0.29,96,285,33.7,379,57,51.7,39.7,120,74.2,52.3,290,23,7.9,9,0.53,10.4,46861,"https://www.transfermarkt.com/sam-johnstone/profil/spieler/110864","Premier League","Goalkeeper","England","1.93","right","2027-06-30",1.2e+07
"2023-2024","Crystal Palace","Premier League","Dean Henderson","ENG","GK","26-349",8,8,720,8,20,2.5,45,25,57.8,2,2,4,0,0,1,1,0,0,0,"https://fbref.com/en/players/e5a76dfe/Dean-Henderson",8,20,1,0,3,0,17.3,0.37,-2.7,-0.33,36,123,29.3,190,23,42.6,36.8,47,89.4,58.6,106,2,1.9,10,1.25,17.3,117152,"https://www.transfermarkt.com/dean-henderson/profil/spieler/258919","Premier League","Goalkeeper","England","1.88","right","2028-06-30",1.2e+07
"2023-2024","Nottingham Forest","Premier League","Matt Turner","USA","GK","29-244",17,17,1530,17,28,1.65,80,52,67.5,4,5,8,2,11.8,2,2,0,0,0,"https://fbref.com/en/players/4a51ba65/Matt-Turner",17,28,2,1,4,0,22.1,0.26,-5.9,-0.35,126,280,45,436,99,42.7,35.7,136,69.1,47,296,30,10.1,18,1.06,13.3,46861,"https://www.transfermarkt.com/matt-turner/profil/spieler/425306","Premier League","Goalkeeper","United States","1.91","right","2027-06-30",1e+07
"2023-2024","Everton","Premier League","Jordan Pickford","ENG","GK","29-353",25,25,2250,25,33,1.32,100,69,72,8,6,11,8,32,5,5,0,0,0,"https://fbref.com/en/players/4806ec67/Jordan-Pickford",25,33,5,0,7,2,30.5,0.26,-0.5,-0.02,243,566,42.9,802,84,57.6,41.6,181,57.5,46.4,350,16,4.6,38,1.52,17.3,146440,"https://www.transfermarkt.com/jordan-pickford/profil/spieler/130164","Premier League","Goalkeeper","England","1.85","left","2027-06-30",2.2e+07
"2023-2024","Luton Town","Premier League","Thomas Kaminski","BEL","GK","31-124",25,25,2250,25,51,2.04,146,96,66.4,5,5,15,2,8,2,2,0,0,0,"https://fbref.com/en/players/1caa93a5/Thomas-Kaminski",25,51,2,0,6,1,52.1,0.36,2.1,0.08,172,543,31.7,726,101,53.2,40.1,227,69.2,48.8,382,14,3.7,48,1.92,18.6,29288,"https://www.transfermarkt.com/thomas-kaminski/profil/spieler/77757","Premier League","Goalkeeper","Belgium","1.9"," ",NA,2800000
"2023-2024","Burnley","Premier League","James Trafford","ENG","GK","21-136",25,25,2250,25,55,2.2,153,100,66.7,3,4,18,2,8,4,4,0,0,0,"https://fbref.com/en/players/259fea27/James-Trafford",25,55,4,0,9,2,50.6,0.31,-2.4,-0.1,126,504,25,1149,154,32.7,30.8,168,76.2,53,365,28,7.7,38,1.52,15,29288,"https://www.transfermarkt.com/james-trafford/profil/spieler/566799","Premier League","Goalkeeper","England","1.92","right","2027-06-30",1.5e+07
"2023-2024","Sheffield United","Premier League","Wes Foderingham","ENG","GK","33-041",25,24,2199,24.4,63,2.58,165,106,63.6,3,4,17,1,4.2,4,3,0,1,0,"https://fbref.com/en/players/96cf7b61/Wes-Foderingham",24.4,63,3,0,8,4,57.5,0.34,-1.5,-0.06,171,518,33,650,83,55.1,40.5,214,74.8,53.2,404,17,4.2,34,1.39,15.4,14644,"https://www.transfermarkt.com/wes-foderingham/profil/spieler/61697","Premier League","Goalkeeper","England","1.85","left","2024-06-30",9e+05
"2023-2024","Real Madrid","La Liga","Andriy Lunin","UKR","GK","25-013",13,13,1170,13,7,0.54,36,29,83.3,10,3,0,6,46.2,1,1,0,0,0,"https://fbref.com/en/players/3061e1ec/Andriy-Lunin",13,7,1,0,0,0,12.2,0.31,5.2,0.4,17,49,34.7,330,61,11.5,24,72,15.3,26.8,169,17,10.1,11,0.85,12,54038,"https://www.transfermarkt.com/andriy-lunin/profil/spieler/404839","LaLiga","Goalkeeper","Ukraine","1.91","right","2025-06-30",8e+06
"2023-2024","Real Madrid","La Liga","Kepa Arrizabalaga","ESP","GK","29-144",12,12,1080,12,9,0.75,34,26,73.5,9,2,1,6,50,0,0,0,0,NA,"https://fbref.com/en/players/28d596a0/Kepa-Arrizabalaga",12,9,0,0,0,1,9.3,0.29,1.3,0.1,24,72,33.3,342,54,17,26.5,59,23.7,28.9,138,4,2.9,10,0.83,15.5,173077,"https://www.transfermarkt.com/kepa-arrizabalaga/profil/spieler/192279","LaLiga","Goalkeeper","Spain","1.88","right","2024-06-30",2e+07
"2023-2024","Girona","La Liga","Paulo Gazzaniga","ARG","GK","32-052",25,25,2250,25,32,1.28,118,86,74.6,17,5,3,8,32,3,2,0,1,0,"https://fbref.com/en/players/63d17038/Paulo-Gazzaniga",25,32,2,0,6,0,34.9,0.29,2.9,0.12,104,294,35.4,766,121,26.5,30.4,170,53.5,45.6,376,26,6.9,10,0.4,10.6,16538,"https://www.transfermarkt.com/paulo-gazzaniga/profil/spieler/195488","LaLiga","Goalkeeper","Argentina","1.95","right","2027-06-30",4e+06
"2023-2024","Barcelona","La Liga","Marc-André ter Stegen","GER","GK","31-299",15,15,1350,15,17,1.13,54,37,68.5,10,4,1,6,40,0,0,0,0,NA,"https://fbref.com/en/players/6f51e382/Marc-Andre-ter-Stegen",15,17,0,0,1,0,16.1,0.3,-0.9,-0.06,48,76,63.2,419,53,13.6,25.6,79,24.1,29.3,173,8,4.6,20,1.33,16.3,121154,"https://www.transfermarkt.com/marc-andre-ter-stegen/profil/spieler/74857","LaLiga","Goalkeeper","Germany","1.87","right","2028-06-30",3.5e+07
"2023-2024","Barcelona","La Liga","Iñaki Peña","ESP","GK","24-358",10,10,900,10,17,1.7,39,22,56.4,6,2,2,2,20,0,0,0,0,NA,"https://fbref.com/en/players/cc1c5035/Inaki-Pena",10,17,0,0,0,0,13.9,0.36,-3.1,-0.31,21,49,42.9,249,46,13.3,23.7,48,33.3,35.5,116,2,1.7,5,0.5,10.6,62500,"https://www.transfermarkt.com/inaki-pena/profil/spieler/283170","LaLiga","Goalkeeper","Spain","1.84","right","2026-06-30",8e+06
"2023-2024","Atlético Madrid","La Liga","Jan Oblak","SVN","GK","31-047",25,25,2250,25,26,1.04,98,72,74.5,16,3,6,9,36,2,1,0,1,0,"https://fbref.com/en/players/ee8508c0/Jan-Oblak",25,26,1,0,3,0,26.3,0.26,0.3,0.01,71,215,33,484,120,25.4,30.7,198,46.5,38.3,386,20,5.2,14,0.56,12.3,400577,"https://www.transfermarkt.com/jan-oblak/profil/spieler/121483","LaLiga","Goalkeeper","Slovenia","1.88","right","2028-06-30",3.5e+07
"2023-2024","Athletic Club","La Liga","Unai Simón","ESP","GK","26-257",25,25,2250,25,23,0.92,90,67,74.4,14,7,4,12,48,1,0,1,0,100,"https://fbref.com/en/players/5dcf3e90/Unai-Simon",25,23,0,0,2,1,27.3,0.3,5.3,0.21,151,478,31.6,693,103,48.9,39,168,82.7,60.2,317,22,6.9,38,1.52,17.4,82308,"https://www.transfermarkt.com/unai-simon/profil/spieler/262396","LaLiga","Goalkeeper","Spain","1.9","right","2025-06-30",2.5e+07
"2023-2024","Real Sociedad","La Liga","Álex Remiro","ESP","GK","28-336",24,24,2105,23.4,20,0.86,83,64,78.3,10,10,4,10,41.7,2,2,0,0,0,"https://fbref.com/en/players/374ee424/Alex-Remiro",23.4,20,2,0,2,1,21.1,0.24,2.1,0.09,127,293,43.3,726,81,30.3,31.7,109,67,51.9,278,14,5,39,1.67,17.2,53846,"https://www.transfermarkt.com/alex-remiro/profil/spieler/212862","LaLiga","Goalkeeper","Spain","1.91","right","2027-06-30",2.5e+07
"2023-2024","Real Betis","La Liga","Rui Silva","POR","GK","30-017",16,16,1395,15.5,16,1.03,63,47,82.5,5,7,4,8,50,5,5,0,0,0,"https://fbref.com/en/players/ea83bfa6/Rui-Silva",15.5,16,5,0,0,0,20.2,0.24,4.2,0.27,77,231,33.3,448,70,37.7,33.9,112,55.4,42.7,218,24,11,16,1.03,12.6,17308,"https://www.transfermarkt.com/rui-silva/profil/spieler/234811","LaLiga","Goalkeeper","Portugal","1.91","left","2026-06-30",1.5e+07
"2023-2024","Valencia","La Liga","Giorgi Mamardashvili","GEO","GK","23-147",25,25,2250,25,29,1.16,97,68,72.2,10,6,9,8,32,3,2,1,0,33.3,"https://fbref.com/en/players/d4b73232/Giorgi-Mamardashvili",25,29,2,0,3,1,32.6,0.32,4.6,0.18,116,426,27.2,553,96,57.7,41.8,154,69.5,53.4,361,35,9.7,22,0.88,12.1,28846,"https://www.transfermarkt.com/giorgi-mamardashvili/profil/spieler/502676","LaLiga","Goalkeeper","Georgia","1.97","left","2027-06-30",3e+07
"2023-2024","Getafe","La Liga","David Soria","ESP","GK","30-326",25,25,2250,25,34,1.36,118,83,74.6,8,10,7,8,32,6,4,1,1,20,"https://fbref.com/en/players/8f8c6934/David-Soria",25,34,4,0,3,0,37.9,0.29,3.9,0.16,251,647,38.8,668,79,70.2,47.1,201,88.6,59.1,300,13,4.3,43,1.72,17.1,29038,"https://www.transfermarkt.com/david-soria/profil/spieler/226012","LaLiga","Goalkeeper","Spain","1.92","right",NA,8e+06
"2023-2024","Osasuna","La Liga","Sergio Herrera","ESP","GK","30-263",21,21,1879,20.9,29,1.39,80,50,63.8,9,5,7,7,33.3,1,0,1,0,100,"https://fbref.com/en/players/a4995f48/Sergio-Herrera",20.9,29,0,0,5,0,27.6,0.34,-1.4,-0.07,181,438,41.3,617,58,53.2,41,155,71,51.4,321,18,5.6,21,1.01,15.3,18269,"https://www.transfermarkt.com/sergio-herrera/profil/spieler/248738","LaLiga","Goalkeeper","Spain","1.92","right","2026-06-30",6e+06
"2023-2024","Alavés","La Liga","Antonio Sivera","ESP","GK","27-196",25,25,2250,25,31,1.24,94,65,74.5,7,7,11,6,24,7,7,0,0,0,"https://fbref.com/en/players/9970da54/Antonio-Sivera",25,31,7,0,2,2,30.9,0.26,1.9,0.08,189,476,39.7,571,81,59.2,43.5,218,63.3,45.2,372,17,4.6,21,0.84,13.6,16923,"https://www.transfermarkt.com/antonio-sivera/profil/spieler/298197","LaLiga","Goalkeeper","Spain","1.85","right","2027-06-30",2e+06
"2023-2024","Villarreal","La Liga","Filip Jørgensen","DEN","GK","21-313",25,25,2250,25,47,1.88,143,97,69.9,6,8,11,3,12,4,4,0,0,0,"https://fbref.com/en/players/0107757e/Filip-Jorgensen",25,47,4,1,7,1,43.3,0.28,-2.7,-0.11,101,254,39.8,727,125,25,29.9,166,43.4,38.1,450,21,4.7,25,1,13.8,11538,"https://www.transfermarkt.com/filip-jorgensen/profil/spieler/585323","LaLiga","Goalkeeper","Denmark","1.9","right","2025-06-30",1.5e+07
"2023-2024","Rayo Vallecano","La Liga","Stole Dimitrievski","MKD","GK","30-060",25,25,2250,25,33,1.32,109,77,70.6,5,10,10,9,36,2,1,1,0,50,"https://fbref.com/en/players/fc70e345/Stole-Dimitrievski",25,33,1,1,4,2,33.2,0.29,2.2,0.09,118,414,28.5,609,111,49.8,40.6,197,56.3,46.4,364,12,3.3,25,1,15.1,12692,"https://www.transfermarkt.com/stole-dimitrievski/profil/spieler/165467","LaLiga","Goalkeeper","North Macedonia","1.88","right","2024-06-30",4e+06
"2023-2024","Sevilla","La Liga","Marko Dmitrović","SRB","GK","32-030",13,13,1170,13,25,1.92,68,44,66.2,2,2,9,2,15.4,2,2,0,0,0,"https://fbref.com/en/players/ac295d9e/Marko-Dmitrovic",13,25,2,0,3,1,22.6,0.3,-1.4,-0.11,52,148,35.1,314,70,32.5,32.7,79,58.2,45.9,152,11,7.2,15,1.15,15.4,24231,"https://www.transfermarkt.com/marko-dmitrovic/profil/spieler/94308","LaLiga","Goalkeeper","Serbia","1.89","left","2025-06-30",2e+06
"2023-2024","Sevilla","La Liga","Ørjan Nyland","NOR","GK","33-166",11,11,990,11,10,0.91,40,31,77.5,3,7,1,3,27.3,1,1,0,0,0,"https://fbref.com/en/players/bdedffac/Orjan-Nyland",11,10,1,0,1,1,10.5,0.24,1.5,0.14,68,197,34.5,263,54,49,39.2,87,78.2,56.9,168,10,6,11,1,14,11538,"https://www.transfermarkt.com/orjan-nyland/profil/spieler/73517","LaLiga","Goalkeeper","Norway","1.92","right","2025-06-30",1e+06
"2023-2024","Mallorca","La Liga","Predrag Rajković","SRB","GK","28-115",25,25,2250,25,33,1.32,98,65,70.4,4,11,10,6,24,4,4,0,0,0,"https://fbref.com/en/players/58ad9383/Predrag-Rajkovic",25,33,4,1,3,0,33.4,0.3,0.4,0.02,229,556,41.2,640,67,62.3,45.4,219,71.7,53.6,373,28,7.5,22,0.88,13.5,16154,"https://www.transfermarkt.com/predrag-rajkovic/profil/spieler/190263","LaLiga","Goalkeeper","Serbia","1.91","right","2026-06-30",1e+07
"2023-2024","Celta Vigo","La Liga","Vicente Guaita","ESP","GK","37-044",16,15,1413,15.7,22,1.4,66,44,72.7,3,5,7,4,26.7,4,4,0,0,0,"https://fbref.com/en/players/ab13a5aa/Vicente-Guaita",15.7,22,4,0,1,0,24.9,0.32,2.9,0.18,88,223,39.5,323,74,44.3,38.6,112,71.4,52.7,272,17,6.3,18,1.15,13.7,46154,"https://www.transfermarkt.com/vicente-guaita/profil/spieler/64399","LaLiga","Goalkeeper","Spain","1.9","right","2025-06-30",1e+06
"2023-2024","Celta Vigo","La Liga","Iván Villar","ESP","GK","26-229",10,10,834,9.3,15,1.62,41,25,65.9,1,3,6,0,0,2,1,1,0,50,"https://fbref.com/en/players/cde52ef5/Ivan-Villar",9.3,15,1,0,1,0,14.5,0.31,-0.5,-0.05,32,127,25.2,183,40,39.3,36.7,80,68.8,49.6,121,5,4.1,7,0.76,12.8,6154,"https://www.transfermarkt.com/ivan-villar/profil/spieler/297194","LaLiga","Goalkeeper","Spain","1.86","right","2027-06-30",2e+06
"2023-2024","Almería","La Liga","Luís Maximiano","POR","GK","25-049",22,22,1980,22,43,1.95,108,64,63.9,0,8,14,4,18.2,7,4,1,2,20,"https://fbref.com/en/players/3318286e/Luis-Maximiano",22,43,4,0,6,0,41.3,0.34,-1.7,-0.08,108,373,29,646,101,39.2,35.6,188,63.8,47.2,378,19,5,26,1.18,14.6,40000,"https://www.transfermarkt.com/luis-maximiano/profil/spieler/367464","LaLiga","Goalkeeper","Portugal","1.9","both","2024-06-30",5e+06
"2023-2024","Internazionale","Serie A","Yann Sommer","SUI","GK","35-068",24,24,2160,24,12,0.5,64,51,84.4,20,3,1,15,62.5,4,2,1,1,33.3,"https://fbref.com/en/players/420c18a1/Yann-Sommer",24,12,2,0,1,0,16.7,0.21,4.7,0.2,79,169,46.7,686,88,19.7,27.1,133,25.6,28.6,275,13,4.7,11,0.46,12.1,61731,"https://www.transfermarkt.com/yann-sommer/profil/spieler/42205","Serie A","Goalkeeper","Switzerland","1.83","right","2026-06-30",5e+06
"2023-2024","Juventus","Serie A","Wojciech Szczęsny","POL","GK","33-312",23,23,2070,23,16,0.7,70,56,77.1,15,5,3,11,47.8,0,0,0,0,NA,"https://fbref.com/en/players/01b8a2b2/Wojciech-Szczesny",23,16,0,0,2,2,16.3,0.23,2.3,0.1,110,249,44.2,566,79,33.7,33.4,115,50.4,44.4,377,19,5,14,0.61,11.1,231538,"https://www.transfermarkt.com/wojciech-szczesny/profil/spieler/44058","Serie A","Goalkeeper","Poland","1.96","right","2025-06-30",8e+06
"2023-2024","Milan","Serie A","Mike Maignan","FRA","GK","28-235",22,22,1979,22,29,1.32,91,62,74.7,14,4,4,7,31.8,6,6,0,0,0,"https://fbref.com/en/players/fcb38f57/Mike-Maignan",22,29,6,2,2,0,24.4,0.21,-4.6,-0.21,98,229,42.8,785,136,23.4,29.1,114,39.5,37.7,263,28,10.6,31,1.41,15.5,69038,"https://www.transfermarkt.com/mike-maignan/profil/spieler/182906","Serie A","Goalkeeper","France","1.91","right","2026-06-30",4.5e+07
"2023-2024","Atalanta","Serie A","Marco Carnesecchi","ITA","GK","23-238",14,14,1260,14,11,0.79,54,42,83.3,9,2,3,6,42.9,4,2,1,1,33.3,"https://fbref.com/en/players/8ec56e62/Marco-Carnesecchi",14,11,2,0,1,0,14.8,0.22,3.8,0.27,62,179,34.6,366,72,31.4,33.9,101,63.4,48.8,169,11,6.5,18,1.29,13.6,3654,"https://www.transfermarkt.com/marco-carnesecchi/profil/spieler/459763","Serie A","Goalkeeper","Italy","1.91","right","2026-06-30",1.3e+07
"2023-2024","Atalanta","Serie A","Juan Musso","ARG","GK","29-294",10,10,900,10,12,1.2,31,20,67.7,5,1,4,5,50,2,2,0,0,0,"https://fbref.com/en/players/a111cf41/Juan-Musso",10,12,2,0,2,1,8.9,0.22,-2.1,-0.21,38,110,34.5,281,64,24.2,29.5,60,70,50.2,98,10,10.2,16,1.6,16.8,56923,"https://www.transfermarkt.com/juan-musso/profil/spieler/242359","Serie A","Goalkeeper","Argentina","1.91","right","2025-06-30",8e+06
"2023-2024","Bologna","Serie A","Łukasz Skorupski","POL","GK","32-295",22,22,1980,22,22,1,78,56,75.6,10,8,4,8,36.4,6,3,1,2,25,"https://fbref.com/en/players/ab4449d6/Lukasz-Skorupski",22,22,3,0,2,1,20.4,0.21,-0.6,-0.03,76,211,36,586,92,27.1,29.7,133,39.1,37.2,312,9,2.9,5,0.23,10.7,32115,"https://www.transfermarkt.com/lukasz-skorupski/profil/spieler/80894","Serie A","Goalkeeper","Poland","1.88","right","2025-06-30",3500000
"2023-2024","Roma","Serie A","Rui Patrício","POR","GK","36-009",23,23,2070,23,27,1.17,74,49,66.2,11,5,7,6,26.1,3,2,0,1,0,"https://fbref.com/en/players/79b0d6a0/Rui-Patricio",23,27,2,0,2,2,23.4,0.29,-1.6,-0.07,90,211,42.7,492,86,31.5,31,137,40.9,34.9,309,16,5.2,8,0.35,11.7,74038,"https://www.transfermarkt.com/rui-patricio/profil/spieler/45026","Serie A","Goalkeeper","Portugal","1.9","left","2024-06-30",3500000
"2023-2024","Lazio","Serie A","Ivan Provedel","ITA","GK","29-343",25,25,2250,25,26,1.04,93,67,74.2,12,4,9,9,36,2,2,0,0,0,"https://fbref.com/en/players/277da414/Ivan-Provedel",25,26,2,0,1,0,23.4,0.23,-2.6,-0.1,77,200,38.5,719,95,21.1,30.5,140,34.3,36.5,304,13,4.3,14,0.56,13.1,35577,"https://www.transfermarkt.com/ivan-provedel/profil/spieler/197929","Serie A","Goalkeeper","Italy","1.94","right","2027-06-30",1.4e+07
"2023-2024","Fiorentina","Serie A","Pietro Terracciano","ITA","GK","33-352",23,23,2070,23,23,1,91,67,80.2,11,4,8,6,26.1,6,5,1,0,16.7,"https://fbref.com/en/players/e1b0a70d/Pietro-Terracciano",23,23,5,2,2,0,28,0.25,5,0.22,116,267,43.4,726,84,29.3,32.4,114,47.4,38.7,212,6,2.8,18,0.78,14.4,28462,"https://www.transfermarkt.com/pietro-terracciano/profil/spieler/96254","Serie A","Goalkeeper","Italy","1.93","right","2025-06-30",2500000
"2023-2024","Napoli","Serie A","Alex Meret","ITA","GK","26-339",17,17,1513,16.8,20,1.19,57,36,66.7,7,5,5,4,23.5,2,1,1,0,50,"https://fbref.com/en/players/9413b19f/Alex-Meret",16.8,20,1,0,2,0,19.9,0.32,-0.1,0,31,96,32.3,400,61,18.8,28.1,81,25.9,30.5,191,3,1.6,20,1.19,16.8,53462,"https://www.transfermarkt.com/alex-meret/profil/spieler/240414","Serie A","Goalkeeper","Italy","1.9","left","2024-06-30",1.5e+07
"2023-2024","Monza","Serie A","Michele Di Gregorio","ITA","GK","26-211",22,22,1882,20.9,17,0.81,100,82,84,8,8,6,9,40.9,2,1,1,0,50,"https://fbref.com/en/players/4e0c8d66/Michele-Di-Gregorio",20.9,17,1,0,4,0,24.8,0.23,7.8,0.37,94,247,38.1,694,137,25.8,29.8,149,45.6,40.9,299,15,5,14,0.67,11.8,25000,"https://www.transfermarkt.com/michele-di-gregorio/profil/spieler/301238","Serie A","Goalkeeper","Italy","1.87","right","2027-06-30",1.2e+07
"2023-2024","Genoa","Serie A","Josep Martinez","ESP","GK","25-272",24,24,2159,24,29,1.21,89,60,68.5,7,9,8,5,20.8,2,1,1,0,50,"https://fbref.com/en/players/11d8aff0/Josep-Martinez",24,29,1,1,2,1,27.2,0.3,-0.8,-0.03,150,386,38.9,832,74,36.8,35.9,113,70.8,51,382,31,8.1,24,1,12.1,12308,"https://www.transfermarkt.com/josep-martinez/profil/spieler/388516","Serie A","Goalkeeper","Spain","1.91","right",NA,4e+06
"2023-2024","Lecce","Serie A","Wladimiro Falcone","ITA","GK","28-317",25,25,2250,25,39,1.56,115,76,69.6,5,9,11,2,8,5,4,1,0,20,"https://fbref.com/en/players/9f5a610b/Wladimiro-Falcone",25,39,4,1,3,1,36.4,0.28,-1.6,-0.06,90,282,31.9,557,116,38.6,33,169,39.6,32.9,332,12,3.6,14,0.56,12.1,21346,"https://www.transfermarkt.com/wladimiro-falcone/profil/spieler/238537","Serie A","Goalkeeper","Italy","1.95","right","2028-06-30",5e+06
"2023-2024","Udinese","Serie A","Marco Silvestri","ITA","GK","32-358",17,17,1530,17,28,1.65,68,40,67.6,1,11,5,4,23.5,6,6,0,0,0,"https://fbref.com/en/players/0d422df7/Marco-Silvestri",17,28,6,0,2,0,25.7,0.29,-2.3,-0.14,57,168,33.9,345,68,33.6,32.3,105,49.5,42.1,282,5,1.8,7,0.41,13.1,35577,"https://www.transfermarkt.com/marco-silvestri/profil/spieler/85528","Serie A","Goalkeeper","Italy","1.91","right","2025-06-30",3500000
"2023-2024","Udinese","Serie A","Maduka Okoye","NGA","GK","24-179",8,8,720,8,10,1.25,37,27,75.7,2,3,3,3,37.5,1,1,0,0,0,"https://fbref.com/en/players/ab5c36dd/Maduka-Okoye",8,10,1,1,1,0,10.6,0.26,0.6,0.07,36,93,38.7,112,17,57.1,40.3,44,65.9,44.7,122,5,4.1,1,0.13,7.7,12308,"https://www.transfermarkt.com/maduka-okoye/profil/spieler/340353","Serie A","Goalkeeper","Nigeria","1.97","right","2027-06-30",2e+06
"2023-2024","Frosinone","Serie A","Stefano Turati","ITA","GK","22-171",24,24,2160,24,51,2.12,121,70,61.2,5,5,14,2,8.3,6,4,1,1,20,"https://fbref.com/en/players/bf168004/Stefano-Turati",24,51,4,0,8,1,38.4,0.29,-11.6,-0.48,56,223,25.1,762,117,24,27.7,113,35.4,33.6,339,16,4.7,18,0.75,13.9,16346,"https://www.transfermarkt.com/stefano-turati/profil/spieler/543666","Serie A","Goalkeeper","Italy","1.88","right","2024-06-30",7e+06
"2023-2024","Empoli","Serie A","Etrit Berisha","ALB","GK","34-350",14,14,1260,14,25,1.79,74,49,68.9,3,3,8,4,28.6,3,2,1,0,33.3,"https://fbref.com/en/players/ee833569/Etrit-Berisha",14,25,2,0,5,1,20.7,0.24,-3.3,-0.24,44,184,23.9,400,75,34.8,33,90,50,40.8,236,11,4.7,10,0.71,12.4,26731,"https://www.transfermarkt.com/etrit-berisha/profil/spieler/77825","Serie A","Goalkeeper","Albania","1.94","left","2024-06-30",5e+05
"2023-2024","Empoli","Serie A","Elia Caprile","ITA","GK","22-182",10,10,900,10,11,1.1,43,31,76.7,2,4,4,3,30,2,1,1,0,50,"https://fbref.com/en/players/97d7afbd/Elia-Caprile",10,11,1,0,3,0,12.3,0.24,1.3,0.13,48,134,35.8,276,52,39.1,36.1,52,50,44.6,171,9,5.3,12,1.2,16.2,12308,"https://www.transfermarkt.com/elia-caprile/profil/spieler/421873","Serie A","Goalkeeper","Italy","1.91","right","2024-06-30",5500000
"2023-2024","Hellas Verona","Serie A","Lorenzo Montipò","ITA","GK","28-003",25,25,2250,25,34,1.36,110,77,70.9,4,8,13,5,20,2,2,0,0,0,"https://fbref.com/en/players/c1d95617/Lorenzo-Montipo",25,34,2,0,3,1,29.2,0.25,-3.8,-0.15,228,510,44.7,672,76,52.5,40.4,211,74.4,53.9,314,10,3.2,31,1.24,16,9615,"https://www.transfermarkt.com/lorenzo-montipo/profil/spieler/241923","Serie A","Goalkeeper","Italy","1.91","right","2025-06-30",4e+06
"2023-2024","Sassuolo","Serie A","Andrea Consigli","ITA","GK","37-027",22,22,1980,22,39,1.77,101,63,65.3,4,5,13,1,4.5,6,4,1,1,20,"https://fbref.com/en/players/8cabdc1e/Andrea-Consigli",22,39,4,1,3,2,30.1,0.25,-6.9,-0.31,103,302,34.1,645,96,37.8,36.1,157,36.9,34.3,357,16,4.5,16,0.73,12.6,35577,"https://www.transfermarkt.com/andrea-consigli/profil/spieler/35865","Serie A","Goalkeeper","Italy","1.89","right","2024-06-30",1e+06
"2023-2024","Cagliari","Serie A","Simone Scuffet","ITA","GK","27-268",18,18,1620,18,34,1.89,75,42,57.3,4,5,9,1,5.6,2,2,0,0,0,"https://fbref.com/en/players/41bd99ea/Simone-Scuffet",18,34,2,1,7,1,27.4,0.34,-5.6,-0.31,99,248,39.9,422,75,37.2,34.8,150,60.7,45.3,262,12,4.6,12,0.67,11.6,7308,"https://www.transfermarkt.com/simone-scuffet/profil/spieler/238993","Serie A","Goalkeeper","Italy","1.93","right","2026-06-30",2e+06
"2023-2024","Salernitana","Serie A","Guillermo Ochoa","MEX","GK","38-226",17,17,1530,17,35,2.06,89,55,68.5,0,5,12,1,5.9,7,7,0,0,0,"https://fbref.com/en/players/1e9bde92/Guillermo-Ochoa",17,35,7,0,3,1,27.8,0.24,-6.2,-0.36,67,263,25.5,400,55,45.3,37.3,139,59,44.8,277,9,3.2,8,0.47,12.9,28462,"https://www.transfermarkt.com/guillermo-ochoa/profil/spieler/29559","Serie A","Goalkeeper","Mexico","1.85","right","2025-06-30",1500000
"2023-2024","Salernitana","Serie A","Benoît Costil","FRA","GK","36-236",8,8,720,8,16,2,44,28,68.2,2,2,4,1,12.5,2,2,0,0,0,"https://fbref.com/en/players/2434f24a/Benoit-Costil",8,16,2,0,1,0,13.8,0.27,-2.2,-0.28,40,148,27,197,30,49.2,37.9,65,78.5,55.3,141,0,0,5,0.63,13.4,15962,"https://www.transfermarkt.com/benoit-costil/profil/spieler/22628","Serie A","Goalkeeper","France","1.88","right","2024-06-30",8e+05
"2023-2024","Bayer Leverkusen","Bundesliga","Lukáš Hrádecký","FIN","GK","34-091",21,21,1890,21,15,0.71,76,61,80.3,18,3,0,10,47.6,0,0,0,0,NA,"https://fbref.com/en/players/ad3389d5/Lukas-Hradecky",21,15,0,0,3,0,20.2,0.27,5.2,0.25,49,143,34.3,510,116,21.8,28.4,89,36,35.6,213,19,8.9,30,1.43,17.4,50000,"https://www.transfermarkt.com/lukas-hradecky/profil/spieler/48015","Bundesliga","Goalkeeper","Finland","1.92","right","2026-06-30",2500000
"2023-2024","Bayern Munich","Bundesliga","Manuel Neuer","GER","GK","37-333",14,14,1260,14,18,1.29,49,30,67.3,10,0,4,6,42.9,3,2,1,0,33.3,"https://fbref.com/en/players/8778c910/Manuel-Neuer",14,18,2,0,1,0,15.3,0.25,-2.7,-0.19,44,101,43.6,485,72,18.8,28.1,63,15.9,26.8,133,7,5.3,11,0.79,15.6,403846,"https://www.transfermarkt.com/manuel-neuer/profil/spieler/17259","Bundesliga","Goalkeeper","Germany","1.93","right","2025-06-30",5e+06
"2023-2024","Bayern Munich","Bundesliga","Sven Ulreich","GER","GK","35-204",8,8,720,8,7,0.87,17,10,64.7,6,2,0,3,37.5,1,1,0,0,0,"https://fbref.com/en/players/7d3e7da6/Sven-Ulreich",8,7,1,1,2,0,6.6,0.33,-0.4,-0.05,20,64,31.3,261,35,21.8,26.3,34,20.6,27.1,70,2,2.9,14,1.75,23,38462,"https://www.transfermarkt.com/sven-ulreich/profil/spieler/40680","Bundesliga","Goalkeeper","Germany","1.92","right","2025-06-30",7e+05
"2023-2024","Stuttgart","Bundesliga","Alexander Nübel","GER","GK","27-146",20,20,1800,20,26,1.3,73,49,65.8,13,1,6,6,30,1,1,0,0,0,"https://fbref.com/en/players/afb0c500/Alexander-Nubel",20,26,1,0,5,2,20.3,0.28,-3.7,-0.18,93,205,45.4,706,94,24.9,29.1,86,33.7,32.1,225,24,10.7,43,2.15,18.4,67308,"https://www.transfermarkt.com/alexander-nubel/profil/spieler/195778","Bundesliga","Goalkeeper","Germany","1.93","right","2024-06-30",1e+07
"2023-2024","Dortmund","Bundesliga","Gregor Kobel","SUI","GK","26-080",20,20,1735,19.3,25,1.3,94,69,78.7,10,7,3,6,30,6,5,1,0,16.7,"https://fbref.com/en/players/cd59b9df/Gregor-Kobel",19.3,25,5,0,5,1,28.9,0.26,4.9,0.26,93,206,45.1,730,81,21,28.4,124,42.7,38.7,271,5,1.8,13,0.67,12.5,173077,"https://www.transfermarkt.com/gregor-kobel/profil/spieler/257814","Bundesliga","Goalkeeper","Switzerland","1.96","right","2028-06-30",4e+07
"2023-2024","RB Leipzig","Bundesliga","Janis Blaswich","GER","GK","32-297",19,19,1710,19,26,1.37,66,40,65.2,10,3,6,5,26.3,3,3,0,0,0,"https://fbref.com/en/players/663e080e/Janis-Blaswich",19,26,3,0,7,0,21.3,0.28,-4.7,-0.25,53,149,35.6,759,79,15.3,26,123,26.8,31.3,214,14,6.5,34,1.79,17.6,28846,"https://www.transfermarkt.com/janis-blaswich/profil/spieler/81173","Bundesliga","Goalkeeper","Germany","1.93","right","2026-06-30",4e+06
"2023-2024","Eintracht Frankfurt","Bundesliga","Kevin Trapp","GER","GK","33-230",20,20,1800,20,26,1.3,81,53,72.8,7,8,5,6,30,6,4,2,0,33.3,"https://fbref.com/en/players/ce17b5eb/Kevin-Trapp",20,26,4,0,2,0,27.3,0.27,1.3,0.07,65,223,29.1,630,93,27.9,29.3,135,34.8,32.7,316,8,2.5,17,0.85,14.4,67308,"https://www.transfermarkt.com/kevin-trapp/profil/spieler/45672","Bundesliga","Goalkeeper","Germany","1.89","right","2026-06-30",7e+06
"2023-2024","Werder Bremen","Bundesliga","Michael Zetterer","GER","GK","28-227",15,15,1350,15,17,1.13,62,46,75.8,6,5,4,5,33.3,2,2,0,0,0,"https://fbref.com/en/players/9b688ae1/Michael-Zetterer",15,17,2,0,2,1,20,0.32,4,0.27,84,178,47.2,540,106,28.5,32.8,72,33.3,36.9,224,22,9.8,15,1,14.3,3462,"https://www.transfermarkt.com/michael-zetterer/profil/spieler/196813","Bundesliga","Goalkeeper","Germany","1.87","both","2025-06-30",1e+06
"2023-2024","Werder Bremen","Bundesliga","Jiří Pavlenka","CZE","GK","31-316",7,7,630,7,17,2.43,38,21,60.5,2,0,5,1,14.3,2,2,0,0,0,"https://fbref.com/en/players/0a1cb833/Jiri-Pavlenka",7,17,2,0,1,0,13.1,0.3,-3.9,-0.56,31,85,36.5,177,37,37.9,34.2,69,26.1,32.5,109,7,6.4,9,1.29,14.4,48077,"https://www.transfermarkt.com/jiri-pavlenka/profil/spieler/260053","Bundesliga","Goalkeeper","Czech Republic","1.96","right","2024-06-30",2e+06
"2023-2024","Freiburg","Bundesliga","Noah Atubolu","GER","GK","21-275",22,22,1980,22,40,1.82,94,55,60.6,8,5,9,7,31.8,3,3,0,0,0,"https://fbref.com/en/players/dbd1b101/Noah-Atubolu",22,40,3,0,3,1,32.4,0.32,-6.6,-0.3,119,358,33.2,755,106,33.5,33.1,146,71.9,54.5,263,13,4.9,24,1.09,15.3,2308,"https://www.transfermarkt.com/noah-atubolu/profil/spieler/526845","Bundesliga","Goalkeeper","Germany","1.9","right",NA,6500000
"2023-2024","Hoffenheim","Bundesliga","Oliver Baumann","GER","GK","33-266",22,22,1980,22,41,1.86,127,84,69.3,7,6,9,1,4.5,5,2,3,0,60,"https://fbref.com/en/players/47064058/Oliver-Baumann",22,41,2,2,4,1,45.2,0.32,5.2,0.24,119,311,38.3,725,111,30.6,31.8,165,53.9,44.2,354,23,6.5,46,2.09,16.8,67308,"https://www.transfermarkt.com/oliver-baumann/profil/spieler/55089","Bundesliga","Goalkeeper","Germany","1.87","right","2026-06-30",4e+06
"2023-2024","Bochum","Bundesliga","Manuel Riemann","GER","GK","35-168",22,22,1980,22,41,1.86,121,80,71.1,5,10,7,4,18.2,8,6,2,0,25,"https://fbref.com/en/players/9f941969/Manuel-Riemann",22,41,6,0,4,2,38.3,0.26,-0.7,-0.03,266,691,38.5,981,54,61.8,42.7,144,59,45.1,340,27,7.9,71,3.23,20,16154,"https://www.transfermarkt.com/manuel-riemann/profil/spieler/40792","Bundesliga","Goalkeeper","Germany","1.86","right","2025-06-30",8e+05
"2023-2024","Wolfsburg","Bundesliga","Koen Casteels","BEL","GK","31-243",18,18,1620,18,26,1.44,86,61,70.9,6,5,7,3,16.7,1,1,0,0,0,"https://fbref.com/en/players/db401046/Koen-Casteels",18,26,1,0,2,1,25.8,0.29,0.8,0.05,109,262,41.6,554,86,34.7,34.4,115,60.9,46.7,263,16,6.1,32,1.78,17.2,76923,"https://www.transfermarkt.com/koen-casteels/profil/spieler/108880","Bundesliga","Goalkeeper","Belgium","1.97","left","2024-06-30",8e+06
"2023-2024","Augsburg","Bundesliga","Finn Dahmen","GER","GK","25-333",22,22,1980,22,40,1.82,123,83,71.5,5,8,9,0,0,8,5,2,1,28.6,"https://fbref.com/en/players/dee3013b/Finn-Dahmen",22,40,5,0,9,2,38.7,0.26,0.7,0.03,116,324,35.8,858,68,31,32.5,122,47.5,42.4,334,22,6.6,34,1.55,13.8,16154,"https://www.transfermarkt.com/finn-dahmen/profil/spieler/251299","Bundesliga","Goalkeeper","Germany","1.86","right","2026-06-30",5e+06
"2023-2024","Mönchengladbach","Bundesliga","Moritz Nicolas","GER","GK","26-125",20,20,1800,20,36,1.8,123,87,74,5,6,9,3,15,4,4,0,0,0,"https://fbref.com/en/players/226ddf9d/Moritz-Nicolas",20,36,4,0,4,0,36.2,0.27,0.2,0.01,79,223,35.4,645,101,26.2,29.7,112,48.2,41.8,326,18,5.5,14,0.7,12.5,2308,"https://www.transfermarkt.com/moritz-nicolas/profil/spieler/284270","Bundesliga","Goalkeeper","Germany","1.93","right","2026-06-30",1500000
"2023-2024","Köln","Bundesliga","Marvin Schwäbe","GER","GK","28-304",22,22,1980,22,36,1.64,109,73,68.8,3,7,12,3,13.6,2,2,0,0,0,"https://fbref.com/en/players/87436846/Marvin-Schwabe",22,36,2,0,5,0,42.2,0.38,6.2,0.28,85,224,37.9,788,70,25.6,30.1,92,23.9,30.4,282,8,2.8,15,0.68,13.2,23077,"https://www.transfermarkt.com/marvin-schwabe/profil/spieler/160929","Bundesliga","Goalkeeper","Germany","1.9","right","2027-06-30",7e+06
"2023-2024","Mainz 05","Bundesliga","Robin Zentner","GER","GK","29-118",18,18,1620,18,32,1.78,73,42,58.9,2,7,9,3,16.7,2,2,0,0,0,"https://fbref.com/en/players/5c4bf6ba/Robin-Zentner",18,32,2,1,1,1,30.1,0.39,-0.9,-0.05,102,270,37.8,519,97,42.8,36.4,98,49,40.4,219,25,11.4,26,1.44,16.7,28846,"https://www.transfermarkt.com/robin-zentner/profil/spieler/160963","Bundesliga","Goalkeeper","Germany","1.95","right","2025-06-30",5e+06
"2023-2024","Paris Saint-Germain","Ligue 1","Gianluigi Donnarumma","ITA","GK","24-364",19,19,1629,18.1,15,0.83,76,60,82.9,14,4,1,8,42.1,3,2,1,0,33.3,"https://fbref.com/en/players/08f5afaa/Gianluigi-Donnarumma",18.1,15,2,0,2,0,22.7,0.27,7.7,0.43,28,64,43.8,492,86,10.8,23.6,99,11.1,20.8,221,12,5.4,16,0.88,13.1,244808,"https://www.transfermarkt.com/gianluigi-donnarumma/profil/spieler/315858","Ligue 1","Goalkeeper","Italy","1.96","right","2026-06-30",4e+07
"2023-2024","Brest","Ligue 1","Marco Bizot","NED","GK","32-350",21,21,1886,21,18,0.86,84,65,79.8,10,7,4,9,42.9,2,1,1,0,50,"https://fbref.com/en/players/3d214e5f/Marco-Bizot",21,18,1,0,2,0,23.2,0.26,5.2,0.25,163,342,47.7,600,82,41.5,36,123,75.6,51,245,15,6.1,30,1.43,16.4,17500,"https://www.transfermarkt.com/marco-bizot/profil/spieler/124884","Ligue 1","Goalkeeper","Netherlands","1.93","right","2026-06-30",3500000
"2023-2024","Nice","Ligue 1","Marcin Bułka","POL","GK","24-143",22,22,1980,22,15,0.68,58,41,77.6,11,6,5,13,59.1,4,2,2,0,50,"https://fbref.com/en/players/db87a2c4/Marcin-Bulka",22,15,2,0,0,0,17.1,0.23,2.1,0.09,49,108,45.4,690,104,12.6,23.1,88,23.9,25.1,227,17,7.5,12,0.55,11.9,6923,"https://www.transfermarkt.com/marcin-bulka/profil/spieler/465955","Ligue 1","Goalkeeper","Poland","1.99","right","2026-06-30",1.5e+07
"2023-2024","Lille","Ligue 1","Lucas Chevalier","FRA","GK","22-110",22,22,1980,22,17,0.77,79,62,79.7,10,8,4,13,59.1,3,1,2,0,66.7,"https://fbref.com/en/players/b3d76d84/Lucas-Chevalier",22,17,1,0,1,2,22.1,0.25,7.1,0.32,46,194,23.7,706,77,23.2,28.6,70,42.9,39.8,234,11,4.7,19,0.86,13.8,21923,"https://www.transfermarkt.com/lucas-chevalier/profil/spieler/463600","Ligue 1","Goalkeeper","France","1.89","right","2027-06-30",1.8e+07
"2023-2024","Lens","Ligue 1","Brice Samba","FRA","GK","29-304",22,22,1980,22,21,0.95,86,65,80.2,10,6,6,10,45.5,5,4,0,1,0,"https://fbref.com/en/players/60d90c55/Brice-Samba",22,21,4,0,6,0,27.8,0.28,6.8,0.31,113,255,44.3,619,95,34.6,32.7,114,36,31.7,266,24,9,16,0.73,13.1,31538,"https://www.transfermarkt.com/brice-samba/profil/spieler/191056","Ligue 1","Goalkeeper","France","1.87","left","2028-06-30",1.5e+07
"2023-2024","Rennes","Ligue 1","Steve Mandanda","FRA","GK","38-333",22,22,1980,22,26,1.18,94,70,73.4,9,7,6,5,22.7,1,1,0,0,0,"https://fbref.com/en/players/1d2d5cc8/Steve-Mandanda",22,26,1,0,4,2,21.5,0.22,-2.5,-0.11,84,296,28.4,694,96,31.1,32.2,131,61.1,44,306,20,6.5,25,1.14,15.9,43846,"https://www.transfermarkt.com/steve-mandanda/profil/spieler/23951","Ligue 1","Goalkeeper","France","1.87","right","2025-06-30",1e+06
"2023-2024","Reims","Ligue 1","Yehvann Diouf","FRA","GK","24-100",22,22,1980,22,30,1.36,85,54,67.1,9,4,9,6,27.3,3,2,1,0,33.3,"https://fbref.com/en/players/eedea60b/Yehvann-Diouf",22,30,2,0,3,0,26.5,0.28,-3.5,-0.16,83,217,38.2,739,120,23.4,29.7,103,42.7,37.7,311,26,8.4,26,1.18,13.7,11538,"https://www.transfermarkt.com/yehvann-diouf/profil/spieler/448632","Ligue 1","Goalkeeper","France","1.9","right","2027-06-30",1e+07
"2023-2024","Marseille","Ligue 1","Pau López","ESP","GK","29-073",21,21,1859,20.7,22,1.07,79,57,72.2,7,9,5,6,28.6,0,0,0,0,NA,"https://fbref.com/en/players/20b9f052/Pau-Lopez",20.7,22,0,1,5,0,19.2,0.25,-2.8,-0.13,53,176,30.1,627,70,23.3,28.6,93,32.3,32.2,258,7,2.7,16,0.78,14.4,74038,"https://www.transfermarkt.com/pau-lopez/profil/spieler/286415","Ligue 1","Goalkeeper","Spain","1.89","left","2026-06-30",1.2e+07
"2023-2024","Lyon","Ligue 1","Anthony Lopes","POR","GK","33-145",19,19,1710,19,28,1.47,95,66,72.6,7,3,9,7,36.8,3,2,1,0,33.3,"https://fbref.com/en/players/f00de885/Anthony-Lopes",19,28,2,0,2,0,25.9,0.25,-2.1,-0.11,85,240,35.4,497,94,37.8,33.6,125,41.6,34.7,251,18,7.2,20,1.05,14.5,92308,"https://www.transfermarkt.com/anthony-lopes/profil/spieler/60561","Ligue 1","Goalkeeper","Portugal","1.84","left","2025-06-30",5e+06
"2023-2024","Le Havre","Ligue 1","Arthur Desmas","FRA","GK","29-323",22,22,1980,22,28,1.27,107,80,73.8,5,9,8,6,27.3,2,0,1,1,100,"https://fbref.com/en/players/e8c5dd4d/Arthur-Desmas",22,28,0,0,3,2,32.8,0.31,6.8,0.31,92,271,33.9,461,97,43.4,36.3,148,48,37.4,319,18,5.6,13,0.59,12.1,5769,"https://www.transfermarkt.com/arthur-desmas/profil/spieler/379869","Ligue 1","Goalkeeper","France","1.96","right","2025-06-30",2e+06
"2023-2024","Montpellier","Ligue 1","Benjamin Lecomte","FRA","GK","32-304",22,22,1980,22,27,1.23,104,78,75,5,8,9,8,36.4,2,1,1,0,50,"https://fbref.com/en/players/2fa2a875/Benjamin-Lecomte",22,27,1,2,2,2,25.9,0.23,0.9,0.04,120,339,35.4,567,96,47.4,37.2,164,42.7,36.6,327,18,5.5,3,0.14,8.4,35000,"https://www.transfermarkt.com/benjamin-lecomte/profil/spieler/127181","Ligue 1","Goalkeeper","France","1.86","left","2027-06-30",4e+06
"2023-2024","Lorient","Ligue 1","Yvon Mvogo","SUI","GK","29-262",22,22,1980,22,43,1.95,139,96,73.4,5,7,10,3,13.6,6,6,0,0,0,"https://fbref.com/en/players/dc29b608/Yvon-Mvogo",22,43,6,1,6,0,40.5,0.26,-2.5,-0.11,90,247,36.4,611,111,30.1,32.2,131,48.1,38.2,404,18,4.5,8,0.36,8.3,13846,"https://www.transfermarkt.com/yvon-mvogo/profil/spieler/147051","Ligue 1","Goalkeeper","Switzerland","1.9","right","2025-06-30",3500000
"2023-2024","Nantes","Ligue 1","Alban Lafont","FRA","GK","25-031",16,16,1416,15.7,22,1.4,72,50,75,4,2,10,4,25,4,4,0,0,0,"https://fbref.com/en/players/4e7db402/Alban-Lafont",15.7,22,4,0,1,0,22.8,0.28,0.8,0.05,65,215,30.2,493,72,31,32.4,100,62,46.2,211,18,8.5,20,1.27,13.8,28846,"https://www.transfermarkt.com/alban-lafont/profil/spieler/357117","Ligue 1","Goalkeeper","France","1.96","right","2027-06-30",1.2e+07
"2023-2024","Metz","Ligue 1","Alexandre Oukidja","ALG","GK","35-219",22,22,1907,21.2,34,1.6,119,85,74.8,4,5,13,3,13.6,4,4,0,0,0,"https://fbref.com/en/players/ae7d0ecd/Alexandre-Oukidja",21.2,34,4,1,3,0,29.7,0.23,-4.3,-0.2,146,409,35.7,444,79,56.3,42,173,91.9,60.3,339,24,7.1,12,0.57,9.9,9615,"https://www.transfermarkt.com/alexandre-oukidja/profil/spieler/56809","Ligue 1","Goalkeeper","Algeria","1.84","right","2025-06-30",5e+05
"2023-2024","Clermont Foot","Ligue 1","Mory Diaw","SEN","GK","30-246",20,20,1800,20,34,1.7,133,99,76.7,2,6,12,4,20,5,3,1,1,25,"https://fbref.com/en/players/f41a69e6/Mory-Diaw",20,34,3,0,4,1,35.8,0.25,2.8,0.14,143,382,37.4,734,84,42.6,36.7,121,57,43.8,277,28,10.1,34,1.7,15.2,11923,"https://www.transfermarkt.com/mory-diaw/profil/spieler/164904","Ligue 1","Goalkeeper","Senegal","1.97","right","2026-06-30",2e+06
"2023-2024","PSV Eindhoven","Eredivisie","Walter Benítez","ARG","GK","31-035",22,22,1980,22,10,0.45,44,35,81.8,20,2,0,13,59.1,2,2,0,0,0,"https://fbref.com/en/players/8a2248b4/Walter-Benitez",22,10,2,0,0,1,14.6,0.29,5.6,0.25,69,153,45.1,540,66,23.3,28.3,101,26.7,32.1,208,15,7.2,32,1.45,16.1,NA,"https://www.transfermarkt.com/walter-benitez/profil/spieler/296802","Eredivisie","Goalkeeper","Argentina","1.91","right","2025-06-30",1.2e+07
"2023-2024","Feyenoord","Eredivisie","Justin Bijlow","NED","GK","26-033",13,13,1114,12.4,11,0.89,28,17,60.7,8,3,2,5,38.5,0,0,0,0,NA,"https://fbref.com/en/players/53d93280/Justin-Bijlow",12.4,11,0,0,1,0,9.5,0.35,-1.5,-0.12,41,109,37.6,535,48,17.6,25.3,38,39.5,41.5,87,11,12.6,43,3.47,21,NA,"https://www.transfermarkt.com/justin-bijlow/profil/spieler/315121","Eredivisie","Goalkeeper","Netherlands","1.88","right","2026-06-30",1.5e+07
"2023-2024","Feyenoord","Eredivisie","Timon Wellenreuther","GER","GK","28-083",10,9,866,9.6,6,0.62,18,12,66.7,8,1,0,5,55.6,0,0,0,0,NA,"https://fbref.com/en/players/2f18d0b8/Timon-Wellenreuther",9.6,6,0,0,2,0,5.4,0.3,-0.6,-0.06,34,87,39.1,327,45,22.3,27.6,25,56,46.3,89,8,9,24,2.49,20.8,NA,"https://www.transfermarkt.com/timon-wellenreuther/profil/spieler/196829","Eredivisie","Goalkeeper","Germany","1.88","right","2025-06-30",3e+06
"2023-2024","Twente","Eredivisie","Lars Unnerstall","GER","GK","33-219",22,22,1980,22,22,1,94,72,79.8,13,5,4,7,31.8,4,3,1,0,25,"https://fbref.com/en/players/4b1793b0/Lars-Unnerstall",22,22,3,1,3,1,28.8,0.27,7.8,0.36,97,300,32.3,681,121,35.2,33.2,149,40.3,35.9,259,16,6.2,36,1.64,17.4,NA,"https://www.transfermarkt.com/lars-unnerstall/profil/spieler/53696","Eredivisie","Goalkeeper","Germany","1.98","right","2027-06-30",3200000
"2023-2024","AZ Alkmaar","Eredivisie","Mathew Ryan","AUS","GK","31-321",17,17,1530,17,11,0.65,52,41,80.8,11,4,2,7,41.2,1,1,0,0,0,"https://fbref.com/en/players/4535e4bb/Mathew-Ryan",17,11,1,1,2,0,11.8,0.22,0.8,0.05,91,171,53.2,564,110,26.1,29.9,65,36.9,36.1,178,16,9,28,1.65,18.9,NA,"https://www.transfermarkt.com/mathew-ryan/profil/spieler/128969","Eredivisie","Goalkeeper","Australia","1.84","right","2024-06-30",4e+06
"2023-2024","Ajax","Eredivisie","Diant Ramaj","GER","GK","22-157",16,14,1284,14.3,24,1.68,77,54,70.1,8,4,2,2,14.3,1,1,0,0,0,"https://fbref.com/en/players/b90c4a43/Diant-Ramaj",14.3,24,1,0,0,1,26.7,0.35,3.7,0.26,97,232,41.8,616,76,33.4,33.2,91,28.6,32.1,195,13,6.7,20,1.4,15.7,NA,"https://www.transfermarkt.com/diant-ramaj/profil/spieler/448705","Eredivisie","Goalkeeper","Germany","1.89","both","2028-06-30",5e+06
"2023-2024","Ajax","Eredivisie","Jay Gorter","NED","GK","23-269",8,7,665,7.4,17,2.3,35,18,51.4,1,2,4,1,14.3,1,0,0,1,NA,"https://fbref.com/en/players/e0ee850b/Jay-Gorter",7.4,17,0,0,1,0,13.8,0.41,-3.2,-0.44,33,87,37.9,259,38,30.5,30.2,45,17.8,28.3,91,7,7.7,7,0.95,13.6,NA,"https://www.transfermarkt.com/jay-gorter/profil/spieler/480453","Eredivisie","Goalkeeper","Netherlands","1.9","right","2026-06-30",2e+06
"2023-2024","Go Ahead Eagles","","Jeffrey De Lange","NED","GK","25-329",22,22,1980,22,29,1.32,115,86,76.5,9,7,6,8,36.4,2,2,0,0,0,"https://fbref.com/en/players/c31cf14b/Jeffrey-De-Lange",22,29,2,0,3,0,32.3,0.27,3.3,0.15,137,401,34.2,735,82,44.4,36.9,138,54.3,42.6,467,12,2.6,21,0.95,15.3,NA,"https://www.transfermarkt.com/jeffrey-de-lange/profil/spieler/315253","Eredivisie","Goalkeeper","Netherlands","1.9","right","2026-06-30",1300000
"2023-2024","NEC Nijmegen","","Jasper Cillessen","NED","GK","34-307",19,19,1650,18.3,32,1.75,89,57,69.7,7,7,5,2,10.5,5,5,0,0,0,"https://fbref.com/en/players/04ac8285/Jasper-Cillessen",18.3,32,5,1,4,0,30.6,0.29,-1.4,-0.07,116,313,37.1,486,82,43.8,35.5,167,59.9,46,347,20,5.8,13,0.71,11,NA,"https://www.transfermarkt.com/jasper-cillessen/profil/spieler/146227","Eredivisie","Goalkeeper","Netherlands","1.87","right","2025-06-30",1500000
"2023-2024","Sparta Rotterdam","","Nick Olij","NED","GK","28-207",22,22,1980,22,31,1.41,107,76,73.8,8,5,9,5,22.7,5,3,1,1,25,"https://fbref.com/en/players/fdc67d9a/Nick-Olij",22,31,3,0,1,1,33,0.28,3,0.14,203,516,39.3,819,74,47.1,37.9,166,78.3,58.7,413,25,6.1,31,1.41,15.8,NA,"https://www.transfermarkt.com/nick-olij/profil/spieler/215094","Eredivisie","Goalkeeper","Netherlands","1.84","right","2026-06-30",4e+06
"2023-2024","Zwolle","","Jasper Schendelaar","NED","GK","23-175",22,22,1980,22,34,1.55,110,78,72.7,7,6,9,5,22.7,5,4,1,0,20,"https://fbref.com/en/players/0c43c76c/Jasper-Schendelaar",22,34,4,0,3,3,33.8,0.26,2.8,0.13,181,436,41.5,767,121,45,37.4,162,56.2,47.1,365,23,6.3,20,0.91,12.6,NA,"https://www.transfermarkt.com/jasper-schendelaar/profil/spieler/361082","Eredivisie","Goalkeeper","Netherlands","1.86","right","2026-06-30",8e+05
"2023-2024","Heerenveen","","Andries Noppert","NED","GK","29-323",19,19,1710,19,37,1.95,89,53,60.7,6,3,10,4,21.1,2,2,0,0,0,"https://fbref.com/en/players/2dc9d6fb/Andries-Noppert",19,37,2,0,2,1,33.7,0.37,-2.3,-0.12,91,233,39.1,499,104,31.3,31.8,128,60.2,45.8,294,20,6.8,16,0.84,12.5,NA,"https://www.transfermarkt.com/andries-noppert/profil/spieler/276853","Eredivisie","Goalkeeper","Netherlands","2.03","left","2027-06-30",3e+06
"2023-2024","Heracles Almelo","","Michael Brouwer","NED","GK","31-034",22,22,1980,22,52,2.36,161,110,70.2,6,4,12,1,4.5,4,4,0,0,0,"https://fbref.com/en/players/4f521fcf/Michael-Brouwer",22,52,4,1,8,1,49.8,0.29,-1.2,-0.05,127,447,28.4,671,103,48.9,39.6,197,60.4,48.7,372,18,4.8,8,0.36,9.8,NA,"https://www.transfermarkt.com/michael-brouwer/profil/spieler/231650","Eredivisie","Goalkeeper","Netherlands","1.89","right","2025-06-30",650000
"2023-2024","Excelsior","","Stijn van Gassel","NED","GK","27-129",22,22,1980,22,45,2.05,129,85,65.9,4,9,9,4,18.2,1,1,0,0,0,"https://fbref.com/en/players/af72ff2d/Stijn-van-Gassel",22,45,1,0,12,1,39.5,0.3,-4.5,-0.2,230,659,34.9,900,113,57,44.5,174,83.9,59.6,373,26,7,11,0.5,10.7,NA,"https://www.transfermarkt.com/stijn-van-gassel/profil/spieler/301696","Eredivisie","Goalkeeper","Netherlands","1.86","left","2024-06-30",1e+06
"2023-2024","RKC Waalwijk","","Etienne Vaessen","NED","GK","28-213",18,18,1564,17.4,32,1.84,101,69,71.3,4,3,11,3,16.7,4,3,1,0,25,"https://fbref.com/en/players/5622d68b/Etienne-Vaessen",17.4,32,3,1,1,1,32.7,0.3,1.7,0.1,120,334,35.9,638,85,39.5,36.1,126,65.1,52.8,289,24,8.3,27,1.55,15.1,NA,"https://www.transfermarkt.com/etienne-vaessen/profil/spieler/387197","Eredivisie","Goalkeeper","Netherlands","1.89","right","2024-06-30",1e+06
"2023-2024","Vitesse","","Eloy Room","CUW","GK","35-018",22,22,1980,22,46,2.09,147,100,70.7,3,4,15,3,13.6,5,3,2,0,40,"https://fbref.com/en/players/6b33d86b/Eloy-Room",22,46,3,0,6,1,44.7,0.28,-0.3,-0.01,159,435,36.6,723,98,43.3,35.5,170,71.8,49.3,309,10,3.2,20,0.91,13.6,NA,"https://www.transfermarkt.com/eloy-room/profil/spieler/79294","Eredivisie","Goalkeeper","Curacao","1.9","right","2025-06-30",5e+05
"2023-2024","Sporting CP","Primeira Liga","Antonio Adán","ESP","GK","36-286",21,21,1890,21,19,0.9,52,33,67.3,18,1,2,9,42.9,2,2,0,0,0,"https://fbref.com/en/players/65d62814/Antonio-Adan",21,19,2,3,2,0,16.1,0.27,-2.9,-0.14,64,163,39.3,480,80,25.8,30.1,91,42.9,38.8,195,16,8.2,8,0.38,11.8,NA,"https://www.transfermarkt.com/antonio-adan/profil/spieler/44062","Liga Portugal","Goalkeeper","Spain","1.9","left","2024-06-30",8e+05
"2023-2024","Porto","Primeira Liga","Diogo Costa","POR","GK","24-157",22,22,1980,22,16,0.73,58,41,79.3,15,3,4,9,40.9,6,4,1,1,20,"https://fbref.com/en/players/93fffbcf/Diogo-Costa",22,16,4,1,0,0,19,0.24,3,0.14,84,214,39.3,703,90,24.5,31.2,132,31.8,35.5,252,17,6.7,38,1.73,18.1,NA,"https://www.transfermarkt.com/diogo-costa/profil/spieler/357153","Liga Portugal","Goalkeeper","Portugal","1.86","right","2027-06-30",4.5e+07
"2023-2024","Vitória Guimarães","Primeira Liga","Bruno Varela","CPV","GK","29-112",20,20,1755,19.5,20,1.03,71,51,76.1,12,3,5,6,30,4,3,1,0,25,"https://fbref.com/en/players/2bea06e0/Bruno-Varela",19.5,20,3,0,2,1,25.8,0.31,6.8,0.35,130,278,46.8,439,67,41.7,37.4,147,64.6,47.1,266,15,5.6,22,1.13,14,NA,"https://www.transfermarkt.com/bruno-varela/profil/spieler/182722","Liga Portugal","Goalkeeper","Cape Verde","1.91","right","2026-06-30",4e+06
"2023-2024","Moreirense","","Kewin","BRA","GK","28-122",22,22,1980,22,26,1.18,93,68,73.1,10,5,7,10,45.5,1,1,0,0,0,"https://fbref.com/en/players/aea1afc8/Kewin",22,26,1,0,5,1,25.8,0.27,0.8,0.04,154,353,43.6,616,90,40.6,35.7,182,56.6,44.7,381,28,7.3,14,0.64,11.2,NA,"https://www.transfermarkt.com/kewin/profil/spieler/669219","Liga Portugal","Goalkeeper","Brazil","1.89","right","2025-06-30",1e+06
"2023-2024","Arouca","Primeira Liga","Ignacio De Arruabarrena","URU","GK","27-038",22,22,1980,22,30,1.36,93,62,73.1,8,4,10,3,13.6,7,5,1,1,16.7,"https://fbref.com/en/players/4b8cb65b/Ignacio-De-Arruabarrena",22,30,5,1,4,0,32.4,0.29,2.4,0.11,81,290,27.9,634,126,33.4,32.8,158,49.4,41.1,329,25,7.6,40,1.82,15.1,NA,"https://www.transfermarkt.com/ignacio-de-arruabarrena/profil/spieler/367651","Liga Portugal","Goalkeeper","Uruguay","1.85","right","2024-06-30",1500000
"2023-2024","Famalicão","","Luiz Lúcio Reis Júnior","BRA","GK","23-041",21,21,1890,21,25,1.19,91,65,74.7,6,8,7,5,23.8,5,2,2,1,50,"https://fbref.com/en/players/d0530e29/Luiz-Lucio-Reis-Junior",21,25,2,1,4,1,31.8,0.31,7.8,0.37,95,237,40.1,575,137,28.3,31.2,150,49.3,42.2,293,31,10.6,39,1.86,15.2,NA,"https://www.transfermarkt.com/luiz-junior/profil/spieler/712107","Liga Portugal","Goalkeeper","Brazil","1.92","left","2027-06-30",5e+06
"2023-2024","Farense","","Ricardo Velho","POR","GK","25-188",22,22,1980,22,31,1.41,119,88,79,7,5,10,5,22.7,7,6,1,0,14.3,"https://fbref.com/en/players/23d16052/Ricardo-Velho",22,31,6,0,6,1,40.4,0.29,10.4,0.47,123,425,28.9,461,84,55.3,42.8,244,69.7,52.9,482,24,5,11,0.5,10.9,NA,"https://www.transfermarkt.com/ricardo-velho/profil/spieler/527026","Liga Portugal","Goalkeeper","Portugal","1.88","right","2025-06-30",7e+05
"2023-2024","Gil Vicente FC","","Andrew","BRA","GK","22-238",20,20,1800,20,30,1.5,91,62,70.3,7,3,10,5,25,3,3,0,0,0,"https://fbref.com/en/players/40406a00/Andrew",20,30,3,1,6,1,28,0.28,-1,-0.05,77,241,32,535,97,29,31.2,186,46.2,39.4,286,14,4.9,28,1.4,16.1,NA,"https://www.transfermarkt.com/andrew/profil/spieler/610417","Liga Portugal","Goalkeeper","Brazil","1.88","right","2026-06-30",2500000
"2023-2024","Boavista","","João Gonçalves","POR","GK","23-111",22,22,1980,22,40,1.82,119,80,68.9,6,6,10,1,4.5,3,3,0,0,0,"https://fbref.com/en/players/8b8c0095/Joao-Goncalves",22,40,3,1,1,1,37.9,0.31,-1.1,-0.05,71,248,28.6,387,86,37.7,35,210,48.6,39.3,336,13,3.9,11,0.5,11.9,NA,"https://www.transfermarkt.com/joao-goncalves/profil/spieler/685805","Liga Portugal","Goalkeeper","Portugal","1.88","right","2027-06-30",5e+05
"2023-2024","Casa Pia","","Ricardo Batista","POR","GK","37-097",21,21,1885,20.9,32,1.53,102,70,69.6,6,5,10,6,28.6,1,1,0,0,0,"https://fbref.com/en/players/abef8824/Ricardo-Batista",20.9,32,1,1,6,0,29.4,0.28,-2.6,-0.13,96,287,33.4,512,83,34.8,33.7,176,61.9,46.5,330,22,6.7,15,0.72,12.3,NA,"https://www.transfermarkt.com/ricardo-batista/profil/spieler/24846","Liga Portugal","Goalkeeper","Portugal","1.92","left","2025-06-30",1e+05
"2023-2024","Portimonense","","Kosuke Nakamura","JPN","GK","28-362",8,8,720,8,11,1.37,29,20,62.1,2,3,3,1,12.5,0,0,0,0,NA,"https://fbref.com/en/players/423daf87/Kosuke-Nakamura",8,11,0,0,1,2,10.6,0.37,1.6,0.2,33,108,30.6,148,32,41.9,36.4,80,57.5,45,144,9,6.3,3,0.38,9.2,NA,"https://www.transfermarkt.com/kosuke-nakamura/profil/spieler/165794","Liga Portugal","Goalkeeper","Japan","1.85","right","2026-06-30",7e+05
"2023-2024","Estoril","","Marcelo Carné","BRA","GK","34-018",14,14,1260,14,22,1.57,72,51,70.8,4,3,7,4,28.6,2,1,1,0,50,"https://fbref.com/en/players/a24d3330/Marcelo-Carne",14,22,1,0,4,2,22.7,0.3,2.7,0.19,45,161,28,332,70,30.4,33.7,147,40.8,39.3,219,12,5.5,11,0.79,11.1,NA,"https://www.transfermarkt.com/marcelo-carne/profil/spieler/14881","Liga Portugal","Goalkeeper","Brazil","1.88","right","2024-06-30",350000
"2023-2024","Estoril","","Daniel Leite","POR","GK","25-219",8,8,720,8,18,2.25,39,22,56.4,2,0,6,2,25,1,1,0,0,0,"https://fbref.com/en/players/f7c68686/Daniel-Leite",8,18,1,0,4,1,12.6,0.3,-4.5,-0.56,19,72,26.4,168,44,29.2,30.6,57,40.4,38.7,97,0,0,21,2.63,20.6,NA,"https://www.transfermarkt.com/dani-figueira/profil/spieler/475407","Liga Portugal","Goalkeeper","Portugal","1.89","right","2025-06-30",1200000
"2023-2024","Estrela","","Bruno Brigido","BRA","GK","32-352",14,14,1260,14,24,1.71,69,45,65.2,2,4,8,1,7.1,0,0,0,0,NA,"https://fbref.com/en/players/5ccca624/Bruno-Brigido",14,24,0,0,4,0,21.1,0.31,-2.9,-0.2,65,172,37.8,325,58,29.8,33.5,127,59.1,48.3,198,16,8.1,23,1.64,15.4,NA,"https://www.transfermarkt.com/bruno-brigido/profil/spieler/178942","Liga Portugal","Goalkeeper","Brazil","1.87","right","2025-06-30",3e+05
"2023-2024","Rio Ave","","Jhonatan","BRA","GK","32-292",15,15,1350,15,19,1.27,71,52,74.6,3,7,5,5,33.3,2,1,1,0,50,"https://fbref.com/en/players/52479cc2/Jhonatan",15,19,1,0,2,1,20.5,0.27,2.5,0.17,50,166,30.1,398,79,27.6,32.7,116,48.3,43,232,16,6.9,12,0.8,11.2,NA,"https://www.transfermarkt.com/jhonatan/profil/spieler/212216","Liga Portugal","Goalkeeper","Brazil","1.9","right","2025-06-30",8e+05
"2023-2024","Rio Ave","","Magrão","BRA","GK","23-285",7,7,630,7,12,1.71,31,19,64.5,1,2,4,1,14.3,1,1,0,0,0,"https://fbref.com/en/players/4bc2a77c/Magrao",7,12,1,0,3,0,11.8,0.35,-0.2,-0.03,21,64,32.8,168,43,23.8,29.8,54,44.4,38.8,78,3,3.8,7,1,16.1,NA,"https://www.transfermarkt.com/magrao/profil/spieler/818068","Liga Portugal","Goalkeeper","Brazil","1.97","right","2024-06-30",3e+05
"2023-2024","Chaves","","Hugo Souza","BRA","GK","25-024",18,18,1620,18,39,2.17,98,59,63.3,3,5,10,2,11.1,3,3,0,0,0,"https://fbref.com/en/players/c02e5af1/Hugo-Souza",18,39,3,0,4,0,35.9,0.35,-3.1,-0.17,120,309,38.8,373,93,46.9,38.8,170,78.8,56.5,292,14,4.8,14,0.78,12.6,NA,"https://www.transfermarkt.com/hugo-souza/profil/spieler/574901","Liga Portugal","Goalkeeper","Brazil","1.99","right","2024-06-30",1200000
"2023-2024","Vizela","","Fabijan Buntić","CRO","GK","27-000",21,20,1866,20.7,43,2.07,94,52,58.5,2,7,11,5,25,5,4,0,1,0,"https://fbref.com/en/players/f566b29e/Fabijan-Buntic",20.7,43,4,2,2,1,33.3,0.32,-8.7,-0.42,95,232,40.9,469,83,30.5,30.4,172,51.7,40.9,329,16,4.9,22,1.06,14.7,NA,"https://www.transfermarkt.com/fabijan-buntic/profil/spieler/248349","Liga Portugal","Goalkeeper","Croatia","1.94","left","2025-06-30",8e+05
NA,"Palmeiras","Série A","Wéverton","BRA","GK","35",35,35,3150,35,30,0.86,133,103,79.7,19,10,6,15,42.9,4,3,1,0,25,"https://fbref.com/en/players/81be82e9/Weverton",35,30,3,1,3,1,34.9,0.24,5.9,0.17,143,379,37.7,948,198,32.1,34,239,31.4,33.1,397,34,8.6,20,0.57,12.8,NA,"https://www.transfermarkt.com/weverton/profil/spieler/69400","Série A","Goalkeeper","Brazil","1.89","right","2026-12-31",2500000
NA,"Grêmio","","Gabriel Chapecó","BRA","GK","22",31,31,2790,31,51,1.65,159,109,70.4,14,5,12,5,16.1,4,4,0,0,0,"https://fbref.com/en/players/a24714b4/Gabriel-Chapeco",31,51,4,0,8,1,50.6,0.31,0.6,0.02,144,413,34.9,514,121,45.7,38.4,315,56.5,41.7,505,29,5.7,21,0.68,11.4,NA,"https://www.transfermarkt.com/gabriel-grando/profil/spieler/878037","Série A","Goalkeeper","Brazil","1.92","right","2026-12-31",2500000
NA,"Atlético Mineiro","Série A","Éverson","BRA","GK","32",36,36,3240,36,31,0.86,132,102,78,17,9,10,14,38.9,2,2,0,0,0,"https://fbref.com/en/players/a59c090b/Everson",36,31,2,1,1,1,41.3,0.3,11.3,0.31,190,472,40.3,885,132,43.8,37.1,177,47.5,40.5,526,30,5.7,36,1,14.2,NA,"https://www.transfermarkt.com/everson/profil/spieler/106032","Série A","Goalkeeper","Brazil","1.92","right","2025-12-31",2e+06
NA,"Flamengo","Série A","Matheus Cunha","BRA","GK","21",19,18,1580,17.6,22,1.25,98,75,80.6,9,6,3,5,27.8,4,3,1,0,25,"https://fbref.com/en/players/9475960a/Matheus-Cunha",17.6,22,3,0,2,0,28.5,0.27,6.5,0.37,65,181,35.9,624,82,25.2,28.4,102,23.5,27,275,9,3.3,23,1.31,16.7,NA,"https://www.transfermarkt.com/matheus-cunha/profil/spieler/876739","Série A","Goalkeeper","Brazil","1.93","right","2025-12-31",3e+06
NA,"Bragantino","Série A","Cleiton Schwengber","BRA","GK","25",33,33,2970,33,27,0.82,116,89,81.9,15,9,9,16,48.5,7,6,1,0,14.3,"https://fbref.com/en/players/d24ae824/Cleiton-Schwengber",33,27,6,0,4,1,38.4,0.28,12.4,0.38,151,449,33.6,784,145,48,39.4,244,29.9,31.2,382,15,3.9,63,1.91,18.2,NA,"https://www.transfermarkt.com/cleiton/profil/spieler/468247","Série A","Goalkeeper","Brazil","1.9","right","2024-12-31",4500000
NA,"Fluminense","Série A","Fábio","BRA","GK","42",35,35,3150,35,41,1.17,145,105,75.2,16,7,12,12,34.3,6,5,0,1,0,"https://fbref.com/en/players/15825726/Fabio",35,41,5,0,4,1,47.8,0.3,7.8,0.22,44,123,35.8,753,170,11.4,22.2,294,12.6,15.5,508,40,7.9,29,0.83,12.6,NA,"https://www.transfermarkt.com/fabio/profil/spieler/22415","Série A","Goalkeeper","Brazil","1.88","right","2025-12-31",2e+05
NA,"Athletico Paranaense","Série A","Bento","BRA","GK","23",33,33,2970,33,37,1.12,140,101,76.4,12,11,10,9,27.3,6,4,2,0,33.3,"https://fbref.com/en/players/5d699228/Bento",33,37,4,1,5,0,37.3,0.22,0.3,0.01,113,387,29.2,589,128,42.1,37.9,290,47.9,40.6,490,35,7.1,21,0.64,11.9,NA,"https://www.transfermarkt.com/bento/profil/spieler/691906","Série A","Goalkeeper","Brazil","1.9","right","2026-12-31",1.2e+07
NA,"São Paulo","Série A","Rafael Pires","BRA","GK","33",33,33,2970,33,34,1.03,117,84,76.1,13,8,12,13,39.4,7,6,0,1,0,"https://fbref.com/en/players/539f6761/Rafael-Pires",33,34,6,1,1,1,37.2,0.27,4.2,0.13,118,305,38.7,785,142,29.2,31.4,212,35.8,34.1,434,19,4.4,25,0.76,13.2,NA,"https://www.transfermarkt.com/rafael/profil/spieler/68097","Série A","Goalkeeper","Brazil","1.92","left","2025-12-31",6e+05
NA,"Cuiabá","","Walter","BRA","GK","35",35,35,3150,35,35,1,139,106,77.7,13,9,13,12,34.3,4,4,0,0,0,"https://fbref.com/en/players/8bae322b/Walter",35,35,4,0,3,2,40.2,0.26,7.2,0.21,177,394,44.9,667,138,37,34.8,264,55.7,41.9,556,36,6.5,15,0.43,9.8,NA,"https://www.transfermarkt.com/walter/profil/spieler/269860","Série A","Goalkeeper","Brazil","1.88","right","2024-12-31",250000
NA,"Corinthians","Série A","Cássio","BRA","GK","35",37,37,3310,36.8,48,1.31,181,134,76.8,11,14,12,8,21.6,7,6,0,1,0,"https://fbref.com/en/players/d42f6326/Cassio",36.8,48,6,0,8,1,55.2,0.27,8.2,0.22,167,354,47.2,735,146,33.9,33.8,369,28.5,29.8,638,27,4.2,13,0.35,10.8,NA,"https://www.transfermarkt.com/cassio/profil/spieler/50144","Série A","Goalkeeper","Brazil","1.95","left","2024-12-31",6e+05
NA,"Bahia","","Marcos Felipe","BRA","GK","26",37,37,3330,37,51,1.38,183,132,75.4,12,8,17,9,24.3,6,6,0,0,0,"https://fbref.com/en/players/453bdfb9/Marcos-Felipe",37,51,6,1,4,1,57.6,0.29,7.6,0.21,199,506,39.3,884,139,41.7,36.1,251,54.6,43.1,454,27,5.9,39,1.05,14.8,NA,"https://www.transfermarkt.com/marcos-felipe/profil/spieler/283166","Série A","Goalkeeper","Brazil","1.88","right","2027-12-31",1200000
NA,"Boca Juniors","Primera División","Sergio Romero","ARG","GK","35",23,23,2070,23,20,0.87,83,62,79.5,11,4,8,10,43.5,6,3,3,0,50,"https://fbref.com/en/players/1e26e376/Sergio-Romero",23,20,3,0,3,2,28.9,0.28,10.9,0.48,78,220,35.5,459,108,32.2,33.8,163,44.2,39.3,269,16,5.9,12,0.52,11.8,NA,"https://www.transfermarkt.com/sergio-romero/profil/spieler/30690","Liga Profesional","Goalkeeper","Argentina","1.92","right","2024-12-31",4e+05
NA,"Boca Juniors","Primera División","Sergio Romero","ARG","GK","35",23,23,2070,23,20,0.87,83,62,79.5,11,4,8,10,43.5,6,3,3,0,50,"https://fbref.com/en/players/1e26e376/Sergio-Romero",23,20,3,0,3,2,28.9,0.28,10.9,0.48,78,220,35.5,459,108,32.2,33.8,163,44.2,39.3,269,16,5.9,12,0.52,11.8,NA,"https://www.transfermarkt.com/sergio-romero/profil/spieler/30690","Copa de la Liga","Goalkeeper","Argentina","1.92","right","2024-12-31",4e+05
NA,"Godoy Cruz","Primera División","Diego Matías Rodríguez","ARG","GK","33",26,26,2340,26,30,1.15,95,66,75.8,10,8,8,8,30.8,7,7,0,0,0,"https://fbref.com/en/players/19f4d2c0/Diego-Matias-Rodriguez",26,30,7,0,5,1,34.2,0.29,5.2,0.2,217,469,46.3,564,47,57.8,44.3,228,62.7,47.1,316,18,5.7,17,0.65,12.6,NA,"https://www.transfermarkt.com/diego-rodriguez/profil/spieler/90800","Liga Profesional","Goalkeeper","Argentina","1.84","left","2024-12-31",3e+05
NA,"Godoy Cruz","Primera División","Diego Matías Rodríguez","ARG","GK","33",26,26,2340,26,30,1.15,95,66,75.8,10,8,8,8,30.8,7,7,0,0,0,"https://fbref.com/en/players/19f4d2c0/Diego-Matias-Rodriguez",26,30,7,0,5,1,34.2,0.29,5.2,0.2,217,469,46.3,564,47,57.8,44.3,228,62.7,47.1,316,18,5.7,17,0.65,12.6,NA,"https://www.transfermarkt.com/diego-rodriguez/profil/spieler/90800","Copa de la Liga","Goalkeeper","Argentina","1.84","left","2024-12-31",3e+05
NA,"Independiente","Primera División","Rodrigo Rey","ARG","GK","31",27,27,2430,27,32,1.19,99,67,72.7,6,10,11,8,29.6,6,5,1,0,16.7,"https://fbref.com/en/players/6436748b/Rodrigo-Rey",27,32,5,1,9,1,31.4,0.27,0.4,0.01,103,387,26.6,461,81,54.9,41.5,217,61.8,46.6,349,28,8,27,1,14.7,NA,"https://www.transfermarkt.com/rodrigo-rey/profil/spieler/166591","Liga Profesional","Goalkeeper","Argentina","1.9","right","2024-12-31",1800000
NA,"Independiente","Primera División","Rodrigo Rey","ARG","GK","31",27,27,2430,27,32,1.19,99,67,72.7,6,10,11,8,29.6,6,5,1,0,16.7,"https://fbref.com/en/players/6436748b/Rodrigo-Rey",27,32,5,1,9,1,31.4,0.27,0.4,0.01,103,387,26.6,461,81,54.9,41.5,217,61.8,46.6,349,28,8,27,1,14.7,NA,"https://www.transfermarkt.com/rodrigo-rey/profil/spieler/166591","Copa de la Liga","Goalkeeper","Argentina","1.9","right","2024-12-31",1800000
NA,"FC Cincinnati","","Roman Celentano","USA","GK","22",33,33,2970,33,37,1.12,121,86,73.6,20,9,4,12,36.4,5,5,0,0,0,"https://fbref.com/en/players/42ba8628/Roman-Celentano",33,37,5,0,2,2,35.3,0.26,0.3,0.01,138,365,37.8,559,137,41.9,35.8,260,50.4,38.8,446,21,4.7,20,0.61,12.1,NA,"https://www.transfermarkt.com/roman-celentano/profil/spieler/972454","MLS","Goalkeeper","United States","1.85","right","2027-12-31",1e+06
NA,"Orlando City","","Pedro Gallese","PER","GK","32",30,30,2700,30,33,1.1,110,77,71.8,16,8,6,10,33.3,3,2,1,0,33.3,"https://fbref.com/en/players/b76e1394/Pedro-Gallese",30,33,2,0,3,1,33.4,0.28,1.4,0.05,105,304,34.5,627,97,36,32.6,232,33.6,29.4,365,24,6.6,37,1.23,15.7,NA,"https://www.transfermarkt.com/pedro-gallese/profil/spieler/95172","MLS","Goalkeeper","Peru","1.89","left","2024-12-31",1500000
NA,"Philadelphia Union","","Andre Blake","JAM","GK","32",27,27,2372,26.4,28,1.06,99,73,76.8,13,9,5,8,29.6,5,5,0,0,0,"https://fbref.com/en/players/b3b21a11/Andre-Blake",26.4,28,5,0,0,2,30.1,0.26,4.1,0.16,88,237,37.1,453,131,35.1,34.5,163,47.9,39.5,315,22,7,21,0.8,13.2,NA,"https://www.transfermarkt.com/andre-blake/profil/spieler/244149","MLS","Goalkeeper","Jamaica","1.88","right","2024-12-31",2e+06
NA,"Atlanta United","","Brad Guzan","USA","GK","38",27,27,2430,27,39,1.44,100,61,62,11,10,6,7,25.9,2,1,0,1,0,"https://fbref.com/en/players/d899e3bf/Brad-Guzan",27,39,1,0,1,0,34.2,0.33,-4.8,-0.18,149,330,45.2,747,108,31.6,32.5,216,43.5,36.2,376,22,5.9,28,1.04,14.3,NA,"https://www.transfermarkt.com/brad-guzan/profil/spieler/39471","MLS","Goalkeeper","United States","1.93","left","2024-12-31",1e+05
NA,"Nashville SC","","Joe Willis","USA","GK","34",32,32,2880,32,31,0.97,128,98,79.7,13,8,11,10,31.3,5,5,0,0,0,"https://fbref.com/en/players/467f09c8/Joe-Willis",32,31,5,0,4,1,33.8,0.23,3.8,0.12,186,485,38.4,703,142,47.5,37.2,257,58.8,42.9,423,44,10.4,19,0.59,13.5,NA,"https://www.transfermarkt.com/joe-willis/profil/spieler/175615","MLS","Goalkeeper","United States","1.93","left","2024-12-31",450000
NA,"New York Red Bulls","","Carlos Coronel","PAR","GK","26",34,34,3060,34,39,1.15,92,54,64.1,11,10,13,9,26.5,7,6,1,0,14.3,"https://fbref.com/en/players/5c07e176/Carlos-Coronel",34,39,6,0,6,2,37,0.34,0,0,198,662,29.9,808,104,59.8,43.1,201,89.1,61.2,329,10,3,72,2.12,20.7,NA,"https://www.transfermarkt.com/carlos-coronel/profil/spieler/378871","MLS","Goalkeeper","Paraguay","1.92","right",NA,8e+05
NA,"Charlotte FC","","Kristijan Kahlina","CRO","GK","30",24,24,2160,24,33,1.37,110,78,74.5,8,10,6,6,25,5,5,0,0,0,"https://fbref.com/en/players/53e360bb/Kristijan-Kahlina",24,33,5,2,3,1,36.5,0.3,4.5,0.19,129,378,34.1,820,89,38.4,35.3,159,39.6,36.3,288,15,5.2,40,1.67,16.2,NA,"https://www.transfermarkt.com/kristijan-kahlina/profil/spieler/133831","MLS","Goalkeeper","Croatia","1.88","right","2024-12-31",1500000
NA,"CF Montréal","","Jonathan Sirois","CAN","GK","21",33,32,2888,32.1,47,1.46,141,97,68.8,12,5,15,11,34.4,3,3,0,0,0,"https://fbref.com/en/players/5dc34eaa/Jonathan-Sirois",32.1,47,3,0,3,3,43.7,0.29,-0.3,-0.01,134,380,35.3,868,182,30.5,31.4,246,46.7,37.1,376,14,3.7,53,1.65,17.7,NA,"https://www.transfermarkt.com/jonathan-sirois/profil/spieler/749407","MLS","Goalkeeper","Canada","1.83"," ","2026-12-31",5e+05
NA,"New York City FC","","Luis Barraza","USA","GK","26",24,24,2160,24,31,1.29,92,62,68.5,5,10,9,4,16.7,2,2,0,0,0,"https://fbref.com/en/players/e6f22a6b/Luis-Barraza",24,31,2,0,5,1,26.9,0.27,-3.1,-0.13,79,253,31.2,915,96,20.3,28,177,37.9,37.3,312,10,3.2,13,0.54,12.4,NA,"https://www.transfermarkt.com/luis-barraza/profil/spieler/644782","MLS","Goalkeeper","United States","1.88"," ","2024-12-31",450000
NA,"D.C. United","","Tyler Miller","USA","GK","29",25,25,2205,24.5,38,1.55,100,63,65,7,6,12,6,24,3,3,0,0,0,"https://fbref.com/en/players/7827a6b3/Tyler-Miller",24.5,38,3,2,3,1,33.7,0.32,-3.3,-0.14,234,520,45,1030,99,39.9,34.7,175,62.3,47.6,317,25,7.9,106,4.33,23.7,NA,"https://www.transfermarkt.com/tyler-miller/profil/spieler/353479","MLS","Goalkeeper","United States","1.93","right","2024-12-31",6e+05
NA,"Chicago Fire","","Christopher Brady","USA","GK","18",30,30,2639,29.3,44,1.5,134,92,73.9,10,9,11,8,26.7,10,9,0,1,0,"https://fbref.com/en/players/a71768a2/Christopher-Brady",29.3,44,9,1,5,2,43.5,0.27,1.5,0.05,111,342,32.5,551,127,39.6,35,232,53.4,41.1,436,25,5.7,30,1.02,13.7,NA,"https://www.transfermarkt.com/chris-brady/profil/spieler/765504","MLS","Goalkeeper","United States","1.9"," ","2026-12-31",1500000
NA,"Inter Miami","","Drake Callender","USA","GK","25",33,33,2970,33,53,1.61,171,121,69.6,9,7,17,5,15.2,1,1,0,0,0,"https://fbref.com/en/players/c4d9567d/Drake-Callender",33,53,1,1,9,3,48,0.28,-2,-0.06,120,390,30.8,888,158,32.2,33.7,252,41.3,35.7,399,36,9,28,0.85,12.6,NA,"https://www.transfermarkt.com/drake-callender/profil/spieler/723561","MLS","Goalkeeper","United States","1.91"," ","2025-12-31",1500000
NA,"Toronto FC","","Sean Johnson","USA","GK","33",20,20,1800,20,24,1.2,75,52,68,3,10,7,6,30,0,0,0,0,NA,"https://fbref.com/en/players/c164335e/Sean-Johnson",20,24,0,0,3,1,20.2,0.27,-2.8,-0.14,64,222,28.8,489,91,30.9,32.3,164,43.3,38.1,301,15,5,10,0.5,11.6,NA,"https://www.transfermarkt.com/sean-johnson/profil/spieler/126630","MLS","Goalkeeper","United States","1.9","right","2024-12-31",1200000
NA,"St. Louis City","","Roman Bürki","SUI","GK","32",33,33,2970,33,42,1.27,163,123,78.5,17,5,11,8,24.2,7,7,0,0,0,"https://fbref.com/en/players/9d12e142/Roman-Burki",33,42,7,0,1,2,49.1,0.28,9.1,0.28,192,592,32.4,912,156,48.9,39.9,245,59.6,49,466,29,6.2,56,1.7,15.5,NA,"https://www.transfermarkt.com/roman-burki/profil/spieler/59027","MLS","Goalkeeper","Switzerland","1.87","right","2025-12-31",2500000
NA,"Seattle Sounders FC","","Stefan Frei","SUI","GK","36",32,32,2880,32,28,0.87,103,77,72.8,13,11,8,14,43.8,0,0,0,0,NA,"https://fbref.com/en/players/1d0a0f3e/Stefan-Frei",32,28,0,0,4,2,29.1,0.29,3.1,0.1,132,385,34.3,627,101,44.2,36.8,228,47.4,40.7,435,25,5.7,22,0.69,13.1,NA,"https://www.transfermarkt.com/stefan-frei/profil/spieler/99617","MLS","Goalkeeper","United States","1.95"," ","2025-12-31",3e+05
NA,"Los Angeles FC","","John McCarthy","USA","GK","30",25,25,2250,25,31,1.24,98,67,71.4,10,6,9,8,32,3,3,0,0,0,"https://fbref.com/en/players/249362e9/John-McCarthy",25,31,3,0,4,0,32.5,0.3,1.5,0.06,98,280,35,492,115,40,35,175,47.4,38.3,320,15,4.7,23,0.92,15.2,NA,"https://www.transfermarkt.com/john-mccarthy/profil/spieler/271718","MLS","Goalkeeper","United States","1.9"," ","2025-12-31",5e+05
NA,"Houston Dynamo","","Steve Clark","USA","GK","36",33,33,2970,33,38,1.15,121,84,73.6,14,8,11,12,36.4,6,6,0,0,0,"https://fbref.com/en/players/ed6320b7/Steve-Clark",33,38,6,0,3,1,37.8,0.29,0.8,0.03,112,294,38.1,878,181,23.6,28.4,222,39.2,35.5,495,24,4.8,27,0.82,13.1,NA,"https://www.transfermarkt.com/steve-clark/profil/spieler/141704","MLS","Goalkeeper","United States","1.9","right",NA,2e+05
NA,"Real Salt Lake","","Zac MacMath","USA","GK","31",28,28,2475,27.5,36,1.31,118,82,71.2,12,7,9,9,32.1,3,2,1,0,33.3,"https://fbref.com/en/players/06caac45/Zac-MacMath",27.5,36,2,2,4,1,34.9,0.27,-0.1,0,135,383,35.2,760,122,34.7,34.3,206,57.8,44.4,333,20,6,62,2.25,17.7,NA,"https://www.transfermarkt.com/zac-macmath/profil/spieler/156300","MLS","Goalkeeper","United States","1.85"," ","2024-12-31",4e+05
NA,"FC Dallas","","Maarten Paes","NED","GK","24",30,30,2621,29.1,29,1,119,93,76.5,11,10,9,7,23.3,3,1,1,1,50,"https://fbref.com/en/players/eb343262/Maarten-Paes",29.1,29,1,0,3,4,29.6,0.24,4.6,0.16,127,389,32.6,788,115,35,33.3,213,53.1,40.7,407,12,2.9,35,1.2,15.9,NA,"https://www.transfermarkt.com/maarten-paes/profil/spieler/396077","MLS","Goalkeeper","Netherlands","1.92","right","2025-12-31",1200000
NA,"Sporting KC","","Tim Melia","USA","GK","36",16,16,1418,15.8,24,1.52,68,42,69.1,8,1,7,3,18.8,5,3,2,0,40,"https://fbref.com/en/players/cc741f50/Tim-Melia",15.8,24,3,0,2,0,27.5,0.34,3.5,0.22,58,193,30.1,378,57,34.9,34.6,109,56,44.9,166,4,2.4,14,0.89,14,NA,"https://www.transfermarkt.com/tim-melia/profil/spieler/119722","MLS","Goalkeeper","United States","1.85"," ","2024-12-31",150000
NA,"San Jose Earthquakes","","Daniel","BRA","GK","28",22,22,1945,21.6,28,1.3,112,83,77.7,5,11,6,5,22.7,5,3,1,1,25,"https://fbref.com/en/players/636fc976/Daniel",21.6,28,3,1,4,0,35.3,0.29,7.3,0.34,72,182,39.6,339,85,33.9,33,188,35.6,31.9,323,12,3.7,15,0.69,13,NA,"https://www.transfermarkt.com/daniel/profil/spieler/530421","MLS","Goalkeeper","Brazil","1.88","right","2024-12-31",1500000
NA,"San Jose Earthquakes","","J.T. Marcinkowski","USA","GK","25",13,12,1112,12.4,15,1.21,53,38,75.5,5,3,4,4,33.3,2,2,0,0,0,"https://fbref.com/en/players/977791f4/JT-Marcinkowski",12.4,15,2,0,2,0,16.4,0.3,1.4,0.11,51,143,35.7,240,53,41.3,36.1,100,44,36.9,173,12,6.9,2,0.16,8.5,NA,"https://www.transfermarkt.com/jt-marcinkowski/profil/spieler/336163","MLS","Goalkeeper","United States","1.85","right","2024-12-31",8e+05
NA,"Portland Timbers","","David Bingham","USA","GK","33",19,19,1710,19,29,1.53,77,48,64.9,8,5,6,5,26.3,2,2,0,0,0,"https://fbref.com/en/players/7fd42a85/David-Bingham",19,29,2,0,5,0,25.6,0.32,-3.4,-0.18,125,324,38.6,524,56,49,40.3,125,53.6,44.3,262,15,5.7,32,1.69,15.1,NA,"https://www.transfermarkt.com/david-bingham/profil/spieler/176157","MLS","Goalkeeper","United States","1.88"," ","2025-12-31",150000
NA,"Portland Timbers","","Aljaž Ivačič","SVN","GK","29",15,15,1350,15,29,1.93,81,55,65.4,3,5,7,2,13.3,1,1,0,0,0,"https://fbref.com/en/players/4d6e50d8/Aljaz-Ivacic",15,29,1,1,2,3,22.6,0.27,-3.4,-0.23,92,306,30.1,326,38,63.8,45.4,139,70.5,52.6,253,4,1.6,15,1,14.5,NA,"https://www.transfermarkt.com/aljaz-ivacic/profil/spieler/231923","MLS","Goalkeeper","Slovenia","1.88","right","2025-12-31",6e+05
NA,"Minnesota United","","Dayne St. Clair","CAN","GK","25",30,30,2700,30,43,1.43,133,91,67.7,9,9,12,8,26.7,0,0,0,0,NA,"https://fbref.com/en/players/3f41d25f/Dayne-St-Clair",30,43,0,0,8,1,39.7,0.3,-2.3,-0.08,101,298,33.9,649,119,28.5,30.6,277,40.8,37,449,7,1.6,23,0.77,15.5,NA,"https://www.transfermarkt.com/dayne-st-clair/profil/spieler/439750","MLS","Goalkeeper","Canada","1.91","left","2024-12-31",2e+06
NA,"Austin FC","","Brad Stuver","USA","GK","31",34,34,3060,34,55,1.62,183,129,71.6,10,9,15,6,17.6,3,3,0,0,0,"https://fbref.com/en/players/6a1940d5/Brad-Stuver",34,55,3,0,9,1,55.9,0.3,1.9,0.06,138,440,31.4,1097,166,25.9,30,298,52.3,42.5,521,32,6.1,32,0.94,13.6,NA,"https://www.transfermarkt.com/brad-stuver/profil/spieler/300600","MLS","Goalkeeper","United States","1.91"," ","2025-12-31",8e+05
NA,"Colorado Rapids","","William Yarbrough","USA","GK","33",20,20,1800,20,25,1.25,90,65,73.3,3,9,8,7,35,2,1,0,1,0,"https://fbref.com/en/players/ec646e88/William-Yarbrough",20,25,1,1,3,0,25.6,0.28,0.6,0.03,70,225,31.1,472,96,33.3,32.2,181,37.6,34.9,261,12,4.6,35,1.75,17.1,NA,"https://www.transfermarkt.com/william-yarbrough/profil/spieler/215473","MLS","Goalkeeper","United States","1.88","right","2024-12-31",5e+05
